DELETE FROM venues
WHERE id IN ('venue-beachzone', 'venue-strandbad-tegel');

INSERT OR REPLACE INTO venues (
  id,
  name,
  address,
  description,
  pricing,
  latitude,
  longitude,
  booking_url,
  opening_hours_text,
  source_url,
  hero_image_url,
  website_url,
  google_maps_url,
  court_count_total,
  indoor_court_count,
  outdoor_court_count,
  access_type,
  environment,
  seasonality_text,
  facts_json,
  amenities_json,
  image_gallery_json,
  source_urls_json,
  duplicate_notes,
  researched_at,
  created_at
) VALUES
  (
    'venue-beach61',
    'Beach61',
    'Park am Gleisdreieck, Luckenwalder Str./Schöneberger Str., 10963 Berlin',
    'Bookable outdoor beach volleyball park in Gleisdreieck with a large summer court setup, bar, training, tournaments, showers, and changing rooms.',
    'paid',
    52.4988,
    13.374,
    'https://beach61.de/platz-buchen',
    'Mo-Fri 10:00-23:30; Sat, Sun and holidays 10:00-20:00',
    'https://www.beach61.de/',
    'https://commons.wikimedia.org/wiki/Special:Redirect/file/Beach61_Park_am_Gleisdreieck_(Westpark)_01.jpg',
    'https://www.beach61.de/',
    'https://www.google.com/maps/search/?api=1&query=Beach61%20Park%20am%20Gleisdreieck%20Berlin',
    25,
    0,
    25,
    'bookable',
    'outdoor',
    'Outdoor-only summer venue, usually around April to late September.',
    '{"surface":null,"equipment":[],"playerLevel":null,"areaNotes":[],"parkInspectorScore":null}',
    '["online booking","bar","training","tournaments","changing rooms","showers","balls","some floodlit courts"]',
    '[{"url":"https://commons.wikimedia.org/wiki/Special:Redirect/file/Beach61_Park_am_Gleisdreieck_(Westpark)_01.jpg","sourceUrl":"https://commons.wikimedia.org/wiki/File:Beach61_Park_am_Gleisdreieck_(Westpark)_01.jpg","credit":"Lienhard Schulz","license":"CC BY-SA 3.0","rightsStatus":"usable"},{"url":"https://commons.wikimedia.org/wiki/Special:Redirect/file/Beach61_Park_am_Gleisdreieck_(Westpark)_02.jpg","sourceUrl":"https://commons.wikimedia.org/wiki/File:Beach61_Park_am_Gleisdreieck_(Westpark)_02.jpg","credit":"Lienhard Schulz","license":"CC BY-SA 3.0","rightsStatus":"usable"}]',
    '["https://www.beach61.de/","https://beach61.de/about-us","https://urbansportsclub.com/de/venues/beach61","https://www.tip-berlin.de/lifestyle/sport/beachvolleyball-felder-berlin/","https://berlin-beachvolleyball.de/beachvolleyball-berlin/"]',
    'Merged Beach61 and Urban Sports Beach61 references. Urban Sports says over 40 courts, but venue-list sources consistently state 25; stored the conservative confirmed 25.',
    '2026-04-24T00:00:00.000Z',
    '2026-04-24T00:00:00.000Z'
  ),
  (
    'venue-beachmitte',
    'BeachMitte',
    'Caroline-Michaelis-Str. 8, 10115 Berlin',
    'Large central bookable beach sports venue near Nordbahnhof with more than 35 outdoor courts and winter beach play in air domes.',
    'paid',
    52.536,
    13.3924,
    'https://beachmitte.de/beachmitte/courts-buchung-sommer/',
    'Daily 09:00-22:00',
    'https://beachmitte.de/',
    'https://commons.wikimedia.org/wiki/Special:Redirect/file/2023_Special_Olympics_World_Summer_Games_-_beach_volleyball_3_Beachmitte.jpg',
    'https://beachmitte.de/',
    'https://www.google.com/maps/search/?api=1&query=BeachMitte%20Caroline-Michaelis-Str.%208%2010115%20Berlin',
    37,
    2,
    35,
    'bookable',
    'indoor_outdoor',
    'Outdoor summer courts; winter beach play is offered in air domes from roughly October to April.',
    '{"surface":null,"equipment":[],"playerLevel":null,"areaNotes":[],"parkInspectorScore":null}',
    '["online booking","balls for rent","changing rooms","showers","gastro","bar","training","tournaments","floodlights"]',
    '[{"url":"https://commons.wikimedia.org/wiki/Special:Redirect/file/2023_Special_Olympics_World_Summer_Games_-_beach_volleyball_3_Beachmitte.jpg","sourceUrl":"https://commons.wikimedia.org/wiki/File:2023_Special_Olympics_World_Summer_Games_-_beach_volleyball_3_Beachmitte.jpg","credit":"Unmarcheprovencal","license":"CC BY-SA 4.0","rightsStatus":"usable"}]',
    '["https://beachmitte.de/","https://beachmitte.de/beachvolleyball/beachvolleyball-berlin/","https://beachmitte.de/beachmitte/courts-buchung-sommer/","https://www.visitberlin.de/en/beachmitte","https://berlin-beachvolleyball.de/beachvolleyball-berlin/","https://berlin-beachvolleyball.de/beachvolleyball-indoor/","https://urbansportsclub.com/en/sports/beach-volleyball/berlin"]',
    'Merged BeachMitte, BeachMitte Winterstrand, Community Sports @ BeachMitte, and Berlin Beach Vibes @ BeachMitte references.',
    '2026-04-24T00:00:00.000Z',
    '2026-04-24T00:00:00.000Z'
  ),
  (
    'venue-beachvbm',
    'BeachVBM',
    'Trachenbergring 85, 12249 Berlin',
    'Member-run successor to South Beach Berlin, offering year-round indoor beach volleyball in Marienfelde.',
    'paid',
    52.42776,
    13.37033,
    'https://beachvbm.de/',
    'Bookable member slots',
    'https://beachvbm.de/',
    NULL,
    'https://beachvbm.de/',
    'https://www.google.com/maps/search/?api=1&query=BeachVBM%20Trachenbergring%2085%2012249%20Berlin',
    7,
    7,
    0,
    'membership',
    'indoor',
    'Indoor year-round; historically listed as South Beach with winter indoor focus.',
    '{"surface":null,"equipment":[],"playerLevel":null,"areaNotes":[],"parkInspectorScore":null}',
    '["heated indoor sand","high ceilings","sauna","club membership"]',
    '[]',
    '["https://beachvbm.de/","https://beachvbm.de/ueber-uns/","https://spoto.app/spot/de-beachvbm-ev/","https://berlin-beachvolleyball.de/beachvolleyball-indoor/"]',
    'Merged VBM, BeachVBM, and former South Beach Berlin references.',
    '2026-04-24T00:00:00.000Z',
    '2026-04-24T00:00:00.000Z'
  ),
  (
    'venue-beachzone-lichtenberg',
    'BeachZone Lichtenberg',
    'Weißenseer Weg 100, 10369 Berlin',
    'Outdoor BeachZone site in Lichtenberg with 14 courts, seven floodlit courts, sauna, bar, grill, and casual flatrate beaching offers.',
    'paid',
    52.5291,
    13.4834,
    'https://beach-zone.de/',
    'Mo-Fri from 14:00; Sat, Sun and holidays bookable',
    'https://beach-zone.de/',
    NULL,
    'https://beach-zone.de/',
    'https://www.google.com/maps/search/?api=1&query=BeachZone%20Lichtenberg%20Wei%C3%9Fenseer%20Weg%20100%2010369%20Berlin',
    14,
    0,
    14,
    'bookable',
    'outdoor',
    'Outdoor summer BeachZone location.',
    '{"surface":null,"equipment":[],"playerLevel":null,"areaNotes":[],"parkInspectorScore":null}',
    '["online booking","7 floodlit courts","sauna","bar","grill","sun terrace","showers","changing rooms","playground"]',
    '[]',
    '["https://beach-zone.de/","https://www.beachup.app/de/beachvolleyballplaetze/deutschland/berlin/","https://www.tip-berlin.de/lifestyle/sport/beachvolleyball-felder-berlin/","https://berlin-beachvolleyball.de/beachvolleyball-berlin/"]',
    'Kept separate from BeachZone Marzahn and Wartenberg because they are distinct indoor/outdoor locations.',
    '2026-04-24T00:00:00.000Z',
    '2026-04-24T00:00:00.000Z'
  ),
  (
    'venue-beachzone-marzahn',
    'BeachZone Marzahn',
    'Allee der Kosmonauten 190, 12683 Berlin',
    'Indoor BeachZone hall in Marzahn with four DVV-quality quartz-sand courts, party room, and tournament use.',
    'paid',
    52.5296229,
    13.5493623,
    'https://beach-zone.de/',
    'Mo-Fri 11:00-24:00; Sat, Sun and holidays bookable',
    'https://beach-zone.de/',
    NULL,
    'https://beach-zone.de/',
    'https://www.google.com/maps/search/?api=1&query=BeachZone%20Marzahn%20Allee%20der%20Kosmonauten%20190%2012683%20Berlin',
    4,
    4,
    0,
    'bookable',
    'indoor',
    'Indoor hall, also used for winter training.',
    '{"surface":null,"equipment":[],"playerLevel":null,"areaNotes":[],"parkInspectorScore":null}',
    '["online booking","party room","events","tournaments","DVV-quality sand"]',
    '[]',
    '["https://beach-zone.de/","https://www.beachup.app/de/beachvolleyballplaetze/deutschland/berlin/","https://berlin.kauperts.de/eintrag/Beach-Zone-Indoor-Marzahn-Allee-der-Kosmonauten-190-12683-Berlin","https://www.marzahner-vc.de/beachvolleyball/"]',
    NULL,
    '2026-04-24T00:00:00.000Z',
    '2026-04-24T00:00:00.000Z'
  ),
  (
    'venue-beachzone-wartenberg',
    'BeachZone Wartenberg',
    'Am Berl 21, 13051 Berlin',
    'Indoor BeachZone hall in Wartenberg with four beach volleyball courts and tournament use.',
    'paid',
    52.5732006869254,
    13.5010707378387,
    'https://beach-zone.de/',
    'Bookable indoor slots',
    'https://beach-zone.de/',
    NULL,
    'https://beach-zone.de/',
    'https://www.google.com/maps/search/?api=1&query=BeachZone%20Wartenberg%20Am%20Berl%2021%2013051%20Berlin',
    4,
    4,
    0,
    'bookable',
    'indoor',
    'Indoor hall, primarily useful for winter and bad-weather play.',
    '{"surface":null,"equipment":[],"playerLevel":null,"areaNotes":[],"parkInspectorScore":null}',
    '["online booking","sauna","events","tournaments"]',
    '[]',
    '["https://beach-zone.de/","https://www.beachup.app/de/beachvolleyballplaetze/deutschland/berlin/","https://berlin.kauperts.de/eintrag/Beach-Zone-Indoor-Wartenberg-Am-Berl-21-13051-Berlin","https://beach-turniere.de/"]',
    NULL,
    '2026-04-24T00:00:00.000Z',
    '2026-04-24T00:00:00.000Z'
  ),
  (
    'venue-bernsteinsee-ruhlsdorf',
    'Bernsteinsee Ruhlsdorf',
    'Biesenthaler Chaussee 16, 16348 Marienwerder OT Ruhlsdorf',
    'BeachZone lakeside destination outside Berlin with eight outdoor beach volleyball courts included after lido entry.',
    'paid',
    52.77,
    13.59,
    NULL,
    'Daily 09:00-20:00',
    'https://beach-zone.de/',
    NULL,
    'https://beach-zone.de/',
    'https://www.google.com/maps/search/?api=1&query=Bernsteinsee%20Ruhlsdorf%20Biesenthaler%20Chaussee%2016%2016348%20Marienwerder',
    8,
    0,
    8,
    'entry_fee',
    'outdoor',
    'Outdoor seasonal bathing lake venue outside Berlin.',
    '{"surface":null,"equipment":[],"playerLevel":null,"areaNotes":[],"parkInspectorScore":null}',
    '["swimming","free court use after entry","food","playground","sanitary facilities","parking"]',
    '[]',
    '["https://beach-zone.de/","https://berlin-beachvolleyball.de/beachvolleyball-berlin/"]',
    NULL,
    '2026-04-24T00:00:00.000Z',
    '2026-04-24T00:00:00.000Z'
  ),
  (
    'venue-east61',
    'East61',
    'Naumannstr. 43 / Wilhelm-Kabus-Str. 42, 10829 Berlin',
    'Year-round Beach61 sister venue in Schöneberg with indoor winter courts and outdoor summer courts.',
    'paid',
    52.4818,
    13.3669,
    'https://www.east61.de/',
    'Summer: Mo-Fri 17:00-21:30; winter: Mo-Fri 10:30-23:30, Sat-Sun 09:00-22:00',
    'https://urbansportsclub.com/de/venues/east61',
    NULL,
    'https://www.east61.de/',
    'https://www.google.com/maps/search/?api=1&query=East61%20Naumannstr.%2043%2010829%20Berlin',
    19,
    10,
    9,
    'bookable',
    'indoor_outdoor',
    'Indoor in winter and year-round; additional outdoor courts in summer.',
    '{"surface":null,"equipment":[],"playerLevel":null,"areaNotes":[],"parkInspectorScore":null}',
    '["online booking","bar","changing rooms","showers","lockers","parking","training","fun tournaments"]',
    '[]',
    '["https://urbansportsclub.com/de/venues/east61","https://www.beach61.de/about-us","https://berlin-beachvolleyball.de/beachvolleyball-berlin/","https://berlin-beachvolleyball.de/beachvolleyball-indoor/"]',
    'Merged East61 and Community Sports @ East61 references.',
    '2026-04-24T00:00:00.000Z',
    '2026-04-24T00:00:00.000Z'
  ),
  (
    'venue-fuechse-sportpark',
    'Füchse Berlin Sportpark',
    'Kopenhagener Str. 33 / Freiheitsweg 18, 13407 Berlin',
    'Club sport park in Reinickendorf with six bookable beach volleyball courts, tennis, padel, gastronomy, and parking.',
    'paid',
    52.579,
    13.357,
    'https://www.fuechse-berlin-reinickendorf.de/sportpark/beachvolleyball-courts-buchen/',
    'Bookable slots',
    'https://www.fuechse-berlin-reinickendorf.de/sportpark/',
    NULL,
    'https://www.fuechse-berlin-reinickendorf.de/sportpark/',
    'https://www.google.com/maps/search/?api=1&query=F%C3%BCchse%20Berlin%20Sportpark%20Kopenhagener%20Str.%2033%2013407%20Berlin',
    6,
    0,
    6,
    'bookable',
    'outdoor',
    'Outdoor club sport park.',
    '{"surface":null,"equipment":[],"playerLevel":null,"areaNotes":[],"parkInspectorScore":null}',
    '["online booking","clubhouse","gastronomy","parking","tennis","padel"]',
    '[]',
    '["https://www.fuechse-berlin-reinickendorf.de/sportpark/","https://www.fuechse-berlin-reinickendorf.de/sportpark/beachvolleyball-courts-buchen/","https://www.beachup.app/de/beachvolleyballplaetze/deutschland/berlin/"]',
    'Merged BeachUp beach court entry with the official Sportpark venue.',
    '2026-04-24T00:00:00.000Z',
    '2026-04-24T00:00:00.000Z'
  ),
  (
    'venue-funkhaus-beach',
    'Funkhaus Beach',
    'Köpenicker Chaussee 11-14, 10317 Berlin',
    'Indoor beach volleyball hall at Funkhaus with six courts, high ceilings, bright lighting, and winter-friendly heated floor.',
    'paid',
    52.4805,
    13.5008,
    'https://www.funkhaus-beach.com/',
    'Daily 09:00-23:00',
    'https://www.funkhaus-beach.com/',
    NULL,
    'https://www.funkhaus-beach.com/',
    'https://www.google.com/maps/search/?api=1&query=Funkhaus%20Beach%20K%C3%B6penicker%20Chaussee%2011-14%20Berlin',
    6,
    6,
    0,
    'bookable',
    'indoor',
    'Indoor beach hall, especially relevant for winter.',
    '{"surface":null,"equipment":[],"playerLevel":null,"areaNotes":[],"parkInspectorScore":null}',
    '["online booking","parking","heated floor","changing rooms","drinks"]',
    '[]',
    '["https://www.funkhaus-beach.com/","https://berlin-beachvolleyball.de/beachvolleyball-indoor/"]',
    NULL,
    '2026-04-24T00:00:00.000Z',
    '2026-04-24T00:00:00.000Z'
  ),
  (
    'venue-kickerworld-berlin',
    'KICKERWorld Berlin',
    'Kleine Eiswerderstr. 1, 13599 Berlin',
    'Haselhorst multi-sport venue where the outdoor beach area supports beach volleyball alongside beach soccer and footvolley.',
    'paid',
    52.54909,
    13.22671,
    'https://kickerworld-berlin.de/',
    'Mo-Fri from 16:00; Sat-Sun from 10:00',
    'https://kickerworld-berlin.de/en/location.html',
    NULL,
    'https://kickerworld-berlin.de/',
    'https://www.google.com/maps/search/?api=1&query=KICKERWorld%20Berlin%20Kleine%20Eiswerderstr.%201%2013599%20Berlin',
    NULL,
    0,
    0,
    'bookable',
    'outdoor',
    'Outdoor beach area attached to an indoor sports facility.',
    '{"surface":null,"equipment":[],"playerLevel":null,"areaNotes":[],"parkInspectorScore":null}',
    '["online booking","sports bar","football","footvolley","padel","parking","changing rooms"]',
    '[]',
    '["https://kickerworld-berlin.de/en/location.html","https://kickerworld-berlin.de/anlage/","https://urbansportsclub.com/de/sports/beach-volleyball/berlin","https://berlin.kauperts.de/eintrag/KICKERWorld-Berlin-Kleine-Eiswerderstrasse-1-13599-Berlin"]',
    NULL,
    '2026-04-24T00:00:00.000Z',
    '2026-04-24T00:00:00.000Z'
  ),
  (
    'venue-kiessee-schildow',
    'Kiessee Schildow',
    'Lessingstr. 48, 16552 Mühlenbecker Land',
    'BeachZone-operated lakeside venue north of Berlin with six beach volleyball courts, bathing lake, food, playground, and sanitary facilities.',
    'paid',
    52.632,
    13.382,
    'https://beach-zone.de/',
    'Daily 09:00-20:00',
    'https://beach-zone.de/',
    NULL,
    'https://beach-zone.de/',
    'https://www.google.com/maps/search/?api=1&query=Kiessee%20Schildow%20Lessingstra%C3%9Fe%2048%2016552%20M%C3%BChlenbecker%20Land',
    6,
    0,
    6,
    'entry_fee',
    'outdoor',
    'Outdoor seasonal bathing lake venue.',
    '{"surface":null,"equipment":[],"playerLevel":null,"areaNotes":[],"parkInspectorScore":null}',
    '["swimming","food","grill","playground","sanitary facilities","table tennis","camping"]',
    '[]',
    '["https://beach-zone.de/","https://www.beachup.app/de/beachvolleyballplaetze/deutschland/berlin/"]',
    NULL,
    '2026-04-24T00:00:00.000Z',
    '2026-04-24T00:00:00.000Z'
  ),
  (
    'venue-playground-berlin',
    'Playground Berlin',
    'Adlergestell 105, 12439 Berlin',
    'Outdoor multi-sport site in Schöneweide with beach volleyball, football, open plays, bookable fields, and a beach bar.',
    'paid',
    52.4476,
    13.5246,
    'https://www.playground.berlin/',
    'Mon-Fri 10:00-22:00; Sat-Sun 14:00-22:00',
    'https://urbansportsclub.com/en/sports/beach-volleyball/berlin',
    NULL,
    'https://www.playground.berlin/',
    'https://www.google.com/maps/search/?api=1&query=Playground%20Berlin%20Adlergestell%20105%2012439%20Berlin',
    6,
    0,
    6,
    'bookable',
    'outdoor',
    'Outdoor beach volleyball venue.',
    '{"surface":null,"equipment":[],"playerLevel":null,"areaNotes":[],"parkInspectorScore":null}',
    '["online booking","open play","beach bar","football","parking"]',
    '[]',
    '["https://urbansportsclub.com/en/sports/beach-volleyball/berlin","https://blog.urbansportsclub.com/en/workout/outdoor-sports-berlin/","https://ra.co/events/2424584","https://mypadelway.com/de/berlin/playground-berlin-berlin"]',
    NULL,
    '2026-04-24T00:00:00.000Z',
    '2026-04-24T00:00:00.000Z'
  ),
  (
    'venue-spok-pankow',
    'SPOK Pankow',
    'Nordendstr. 56, 13156 Berlin',
    'Bookable Pankow sport and leisure complex with six outdoor beach volleyball courts, professional nets, showers, food, and optional sauna.',
    'paid',
    52.588,
    13.402,
    'https://spok.de/sport-freizeit/beachvolleyball/',
    'Mon-Sat 08:00-21:00; Sun 09:00-21:00',
    'https://spok.de/sport-freizeit/beachvolleyball/',
    NULL,
    'https://spok.de/sport-freizeit/beachvolleyball/',
    'https://www.google.com/maps/search/?api=1&query=SPOK%20Pankow%20Nordendstr.%2056%2013156%20Berlin',
    6,
    0,
    6,
    'bookable',
    'outdoor',
    'Official season is 01.05 to 30.09, with flexibility earlier/later in good weather.',
    '{"surface":null,"equipment":[],"playerLevel":null,"areaNotes":[],"parkInspectorScore":null}',
    '["online booking","professional nets","ball rental","changing rooms","showers","restaurant","sauna"]',
    '[]',
    '["https://spok.de/sport-freizeit/beachvolleyball/","https://www.tip-berlin.de/lifestyle/sport/beachvolleyball-felder-berlin/","https://berlin-beachvolleyball.de/beachvolleyball-berlin/"]',
    NULL,
    '2026-04-24T00:00:00.000Z',
    '2026-04-24T00:00:00.000Z'
  ),
  (
    'venue-strandbad-jungfernheide',
    'Strandbad Jungfernheide',
    'Jungfernheideweg 60, 13629 Berlin',
    'Seasonal lido volleyball courts with online booking; unused courts may be played after paying lido admission.',
    'paid',
    52.538,
    13.293,
    'https://www.strandbad-jungfernheide.de/volleyball',
    'Mo, Wed, Thu, Sat, Sun 10:00-19:00; Tue and Fri closed; weather dependent',
    'https://www.strandbad-jungfernheide.de/volleyball',
    NULL,
    'https://www.strandbad-jungfernheide.de/volleyball',
    'https://www.google.com/maps/search/?api=1&query=Strandbad%20Jungfernheide%20Jungfernheideweg%2060%2013629%20Berlin',
    7,
    0,
    7,
    'mixed',
    'outdoor',
    'Seasonal outdoor lido venue.',
    '{"surface":null,"equipment":[],"playerLevel":null,"areaNotes":[],"parkInspectorScore":null}',
    '["online booking","swimming","toilets","lido entry","bring own court lines"]',
    '[]',
    '["https://www.strandbad-jungfernheide.de/volleyball"]',
    NULL,
    '2026-04-24T00:00:00.000Z',
    '2026-04-24T00:00:00.000Z'
  ),
  (
    'venue-strandbad-ploetzensee',
    'Strandbad Plötzensee',
    'Nordufer 26, 13351 Berlin',
    'Central Wedding lido with volleyball fields, sandy beach, large lawn, table tennis, food options, and online/day tickets.',
    'paid',
    52.542,
    13.333,
    'https://strandbad.ploetzensee.de/',
    'Daily 10:00-22:00; weather dependent',
    'https://strandbad.ploetzensee.de/',
    NULL,
    'https://strandbad.ploetzensee.de/',
    'https://www.google.com/maps/search/?api=1&query=Strandbad%20Pl%C3%B6tzensee%20Nordufer%2026%2013351%20Berlin',
    1,
    0,
    1,
    'entry_fee',
    'outdoor',
    'Outdoor seasonal lido venue.',
    '{"surface":null,"equipment":[],"playerLevel":null,"areaNotes":[],"parkInspectorScore":null}',
    '["swimming","online tickets","showers","changing rooms","table tennis","bar","food","barrier-free"]',
    '[]',
    '["https://strandbad.ploetzensee.de/","https://www.berlin.de/en/sports-leisure/swimming-pools/7651980-7642368-strandbad-ploetzensee.en.html","https://www.berlinerbaeder.de/baeder/detail/strandbad-ploetzensee/","https://www.tip-berlin.de/lifestyle/sport/beachvolleyball-felder-berlin/"]',
    NULL,
    '2026-04-24T00:00:00.000Z',
    '2026-04-24T00:00:00.000Z'
  ),
  (
    'venue-strandbad-tegeler-see',
    'Strandbad Tegeler See',
    'Schwarzer Weg 95, 13505 Berlin',
    'A public outdoor beach volleyball spot in Tegel. Parkinspector lists 2 courts here. The playing surface is well-kept sand. It has a fixed net and boundary lines.',
    'paid',
    52.578938688777214,
    13.245383795224786,
    NULL,
    'Seasonal: Mo-Thu 10:00-19:00; Fri-Sun 10:00-20:00',
    'https://parkinspector.de/parks/Beachen/Strandbad-Tegeler-See/187',
    'https://parkinspector.de/api/?files&file=94cba592e246fc14f16a309196f1c200e4345b52--Bild1_cut-min.jpg&width=1600',
    'https://parkinspector.de/parks/Beachen/Strandbad-Tegeler-See/187',
    'https://goo.gl/maps/fdRoztXWizf55E7G6',
    2,
    0,
    2,
    'mixed',
    'outdoor',
    'Seasonal Strandbad entry applies during the bathing season; Parkinspector notes access can be free outside the season.',
    '{"surface":"well-kept sand","equipment":["fixed net","boundary lines"],"playerLevel":"casual players","areaNotes":[],"parkInspectorScore":55}',
    '["public outdoor court","bathing lake","showers","food nearby","toilets","posted opening hours","water nearby","seasonal entry fee noted"]',
    '[{"url":"https://parkinspector.de/api/?files&file=94cba592e246fc14f16a309196f1c200e4345b52--Bild1_cut-min.jpg&width=1600","sourceUrl":"https://parkinspector.de/parks/Beachen/Strandbad-Tegeler-See/187","credit":"Parkinspector","license":"Permission required; no reusable license found during research","rightsStatus":"requires_permission"},{"url":"https://parkinspector.de/api/?files&file=8ace68123dbc6c2027eb39f2d9320e1bb6334ad8--a.jpg&width=1600","sourceUrl":"https://parkinspector.de/parks/Beachen/Strandbad-Tegeler-See/187","credit":"Parkinspector","license":"Permission required; no reusable license found during research","rightsStatus":"requires_permission"}]',
    '["https://parkinspector.de/parks/Beachen/Strandbad-Tegeler-See/187"]',
    NULL,
    '2026-04-24T00:00:00.000Z',
    '2026-04-24T00:00:00.000Z'
  ),
  (
    'venue-strandbad-wannsee',
    'Strandbad Wannsee',
    'Wannseebadweg 25, 14129 Berlin',
    'Large Berliner Bäder lido with sport and play area including beach volleyball on the famous Wannsee beach.',
    'paid',
    52.433,
    13.177,
    'https://www.berlinerbaeder.de/baeder/detail/strandbad-wannsee/',
    'Seasonal: weekdays 09:00-20:00, weekends 08:00-21:00 in high season',
    'https://www.berlinerbaeder.de/baeder/detail/strandbad-wannsee/',
    NULL,
    'https://www.berlinerbaeder.de/baeder/detail/strandbad-wannsee/',
    'https://www.google.com/maps/search/?api=1&query=Strandbad%20Wannsee%20Wannseebadweg%2025%2014129%20Berlin',
    1,
    0,
    1,
    'entry_fee',
    'outdoor',
    'Outdoor seasonal lido venue.',
    '{"surface":null,"equipment":[],"playerLevel":null,"areaNotes":[],"parkInspectorScore":null}',
    '["swimming","beach chairs","playground","football","FKK area","tickets"]',
    '[]',
    '["https://www.berlinerbaeder.de/baeder/detail/strandbad-wannsee/","https://www.tip-berlin.de/lifestyle/sport/beachvolleyball-felder-berlin/"]',
    NULL,
    '2026-04-24T00:00:00.000Z',
    '2026-04-24T00:00:00.000Z'
  ),
  (
    'venue-strandbad-wendenschloss',
    'Strandbad Wendenschloss',
    'Möllhausenufer 30, 12557 Berlin',
    'Lakeside lido with a beach volleyball court, sandy beach, boat/SUP rental, playground, table tennis, and beer garden.',
    'paid',
    52.421,
    13.584,
    NULL,
    'Seasonal: May weekdays 12:00-19:00, weekends 10:00-19:00; Jun-Aug daily 10:00-20:00',
    'https://www.berlin.de/en/sports-leisure/swimming-pools/9252033-7642368-strandbad-wendenschloss.en.html',
    NULL,
    'https://strandbad-wendenschloss.berlin/',
    'https://www.google.com/maps/search/?api=1&query=Strandbad%20Wendenschloss%20M%C3%B6llhausenufer%2030%2012557%20Berlin',
    1,
    0,
    1,
    'entry_fee',
    'outdoor',
    'Outdoor beach court inside a seasonal lido.',
    '{"surface":null,"equipment":[],"playerLevel":null,"areaNotes":[],"parkInspectorScore":null}',
    '["swimming","boat rental","SUP rental","playground","table tennis","beer garden","barrier-free"]',
    '[]',
    '["https://www.berlin.de/en/sports-leisure/swimming-pools/9252033-7642368-strandbad-wendenschloss.en.html","https://www.berlinerbaeder.de/baeder/detail/strandbad-wendenschloss/","https://www.tip-berlin.de/lifestyle/sport/beachvolleyball-felder-berlin/"]',
    NULL,
    '2026-04-24T00:00:00.000Z',
    '2026-04-24T00:00:00.000Z'
  ),
  (
    'venue-tib-1848',
    'TiB 1848 Beachvolleyball',
    'Columbiadamm 91, 10965 Berlin',
    'Club beach volleyball courts on the former Tempelhof airport sports grounds; BeachUp notes member-based booking.',
    'paid',
    52.48,
    13.414,
    NULL,
    'Mon-Thu 10:00-21:00 or until sunset',
    'https://tib1848ev.de/sportarten/beachvolleyball/',
    NULL,
    'https://tib1848ev.de/sportarten/beachvolleyball/',
    'https://www.google.com/maps/search/?api=1&query=TiB%201848%20Beachfeld%20Columbiadamm%2091%2010965%20Berlin',
    6,
    0,
    6,
    'membership',
    'outdoor',
    'Summer-only outdoor club use.',
    '{"surface":null,"equipment":[],"playerLevel":null,"areaNotes":[],"parkInspectorScore":null}',
    '["club training","youth training","summer courts"]',
    '[]',
    '["https://tib1848ev.de/sportarten/beachvolleyball/","https://www.beachup.app/de/beachvolleyballplaetze/deutschland/berlin/"]',
    'BeachUp uses Columbiadamm 91; TiB imprint/contact lists Columbiadamm 111. Stored the court address from BeachUp.',
    '2026-04-24T00:00:00.000Z',
    '2026-04-24T00:00:00.000Z'
  ),
  (
    'venue-alexanderplatz',
    'Alexanderplatz',
    'Rathausstraße, 10178 Berlin',
    'A free public court near Alexanderplatz, close to the TV Tower. Parkinspector lists one court here. The playing surface is decent sand. It has a fixed net and no boundary lines.',
    'free',
    52.51975706751368,
    13.40905323293103,
    NULL,
    'Daily 08:00-13:00 / 15:00-20:00',
    'https://parkinspector.de/parks/Beachen/Alexanderplatz/443',
    'https://parkinspector.de/api/?files&file=ef2800b011ae3d77390c23f6e3a041bf70947950--Bild1_cut-min.jpg&width=1600',
    'https://parkinspector.de/parks/Beachen/Alexanderplatz/443',
    'https://goo.gl/maps/DNwggsJ6Q1CZdfx4A',
    1,
    0,
    1,
    'public',
    'outdoor',
    'Outdoor public/community spot, weather/daylight dependent.',
    '{"surface":"decent sand","equipment":["fixed net","no boundary lines"],"playerLevel":"very few players","areaNotes":["Watch out: damaged net, rough surroundings"],"parkInspectorScore":39}',
    '["public outdoor court","toilets","posted opening hours"]',
    '[{"url":"https://parkinspector.de/api/?files&file=ef2800b011ae3d77390c23f6e3a041bf70947950--Bild1_cut-min.jpg&width=1600","sourceUrl":"https://parkinspector.de/parks/Beachen/Alexanderplatz/443","credit":"Parkinspector","license":"Permission required; no reusable license found during research","rightsStatus":"requires_permission"},{"url":"https://parkinspector.de/api/?files&file=8b9cce77cc9baf1746fc355598bcde7e4782fe3a--a.jpg&width=1600","sourceUrl":"https://parkinspector.de/parks/Beachen/Alexanderplatz/443","credit":"Parkinspector","license":"Permission required; no reusable license found during research","rightsStatus":"requires_permission"}]',
    '["https://parkinspector.de/parks/Beachen/Alexanderplatz/443"]',
    NULL,
    '2026-04-24T00:00:00.000Z',
    '2026-04-24T00:00:00.000Z'
  ),
  (
    'venue-baseball-rams',
    'Baseball Rams',
    'Sachtlebenstraße 36, 14165 Berlin',
    'A quiet public court beside the Berlin Rams baseball grounds in Zehlendorf. Parkinspector lists one court here. The playing surface is well-kept sand. It has a fixed net and no boundary lines.',
    'free',
    52.412256484093206,
    13.250357810079104,
    NULL,
    'Public access',
    'https://parkinspector.de/parks/Beachen/Baseball-Rams/769',
    'https://parkinspector.de/api/?files&file=a402d950680cfd276ed135fecec753cd57fdea14--bild1_rams.jpg&width=1600',
    'https://parkinspector.de/parks/Beachen/Baseball-Rams/769',
    'https://maps.app.goo.gl/JVwQQUnA7hMbLcN69',
    1,
    0,
    1,
    'mixed',
    'outdoor',
    'Outdoor public/community spot, weather/daylight dependent.',
    '{"surface":"well-kept sand","equipment":["fixed net","no boundary lines"],"playerLevel":"very few players","areaNotes":["Positive: large playing area","Watch out: no benches"],"parkInspectorScore":30}',
    '["public outdoor court","club grounds","basketball nearby"]',
    '[{"url":"https://parkinspector.de/api/?files&file=a402d950680cfd276ed135fecec753cd57fdea14--bild1_rams.jpg&width=1600","sourceUrl":"https://parkinspector.de/parks/Beachen/Baseball-Rams/769","credit":"Parkinspector","license":"Permission required; no reusable license found during research","rightsStatus":"requires_permission"},{"url":"https://parkinspector.de/api/?files&file=3879f18927ae73041b52b2040bc8fc5aad44ba7e--a.jpg&width=1600","sourceUrl":"https://parkinspector.de/parks/Beachen/Baseball-Rams/769","credit":"Parkinspector","license":"Permission required; no reusable license found during research","rightsStatus":"requires_permission"}]',
    '["https://parkinspector.de/parks/Beachen/Baseball-Rams/769"]',
    NULL,
    '2026-04-24T00:00:00.000Z',
    '2026-04-24T00:00:00.000Z'
  ),
  (
    'venue-schlupfwinkel',
    'Beachvolleyballfeld Schlupfwinkel',
    'Kaiserin-Augusta-Allee 100, 10553 Berlin',
    'Community-listed free sand area next to Jugendclub Schlupfwinkel; bring a net and use hooks in the stone surround.',
    'free',
    52.526,
    13.32,
    NULL,
    'Public access',
    'https://www.beachup.app/de/beachvolleyballplaetze/deutschland/berlin/',
    NULL,
    NULL,
    'https://www.google.com/maps/search/?api=1&query=Kaiserin-Augusta-Allee%20100%2010553%20Berlin%20Beachvolleyball',
    1,
    0,
    1,
    'public',
    'outdoor',
    'Outdoor community court, weather/daylight dependent.',
    '{"surface":null,"equipment":[],"playerLevel":null,"areaNotes":[],"parkInspectorScore":null}',
    '["bring own net","hooks for net ropes","near youth club toilets by request"]',
    '[]',
    '["https://www.beachup.app/de/beachvolleyballplaetze/deutschland/berlin/"]',
    NULL,
    '2026-04-24T00:00:00.000Z',
    '2026-04-24T00:00:00.000Z'
  ),
  (
    'venue-benn-wartenberg',
    'BENN Wartenberg',
    'Schweriner Ring 27, 13059 Berlin',
    'A small neighborhood beach volleyball court in Wartenberg. Parkinspector lists one court here. The playing surface is well-kept sand. It has a fixed net and no boundary lines.',
    'free',
    52.57752854123584,
    13.509280148377163,
    NULL,
    'Public access',
    'https://parkinspector.de/parks/Beachen/Benn-Wartenberg/638',
    'https://parkinspector.de/api/?files&file=63bbc4ffab0dd7e4bf630f2472300f051a83d32d--Bild1_wartenberg.jpg&width=1600',
    'https://parkinspector.de/parks/Beachen/Benn-Wartenberg/638',
    'https://goo.gl/maps/q8ZaTVzBNcSRkFC5A',
    1,
    0,
    1,
    'public',
    'outdoor',
    'Outdoor public/community spot, weather/daylight dependent.',
    '{"surface":"well-kept sand","equipment":["fixed net","no boundary lines"],"playerLevel":"very few players","areaNotes":["Watch out: no seating"],"parkInspectorScore":28}',
    '["public outdoor court"]',
    '[{"url":"https://parkinspector.de/api/?files&file=63bbc4ffab0dd7e4bf630f2472300f051a83d32d--Bild1_wartenberg.jpg&width=1600","sourceUrl":"https://parkinspector.de/parks/Beachen/Benn-Wartenberg/638","credit":"Parkinspector","license":"Permission required; no reusable license found during research","rightsStatus":"requires_permission"},{"url":"https://parkinspector.de/api/?files&file=13ac29a54ee665cbad973b9de78b653ce1191efe--a.jpg&width=1600","sourceUrl":"https://parkinspector.de/parks/Beachen/Benn-Wartenberg/638","credit":"Parkinspector","license":"Permission required; no reusable license found during research","rightsStatus":"requires_permission"}]',
    '["https://parkinspector.de/parks/Beachen/Benn-Wartenberg/638"]',
    NULL,
    '2026-04-24T00:00:00.000Z',
    '2026-04-24T00:00:00.000Z'
  ),
  (
    'venue-biesdorfer-baggersee',
    'Biesdorfer Baggersee',
    'Baggerseestraße, 12683 Berlin',
    'A public outdoor beach volleyball spot in Biesdorf. Parkinspector lists one court here. The playing surface is well-kept sand. It has a fixed net and boundary lines.',
    'free',
    52.50254394960772,
    13.546616355819872,
    NULL,
    'Public access',
    'https://parkinspector.de/parks/Beachen/Biesdorfer-Baggersee/514',
    'https://parkinspector.de/api/?files&file=78c24dba1bdb9e8b1c20044b994493b8ec096329--Bild1_cut-min.jpg&width=1600',
    'https://parkinspector.de/parks/Beachen/Biesdorfer-Baggersee/514',
    'https://goo.gl/maps/J5whsd455iu8tVEj7',
    1,
    0,
    1,
    'public',
    'outdoor',
    'Outdoor public/community spot, weather/daylight dependent.',
    '{"surface":"well-kept sand","equipment":["fixed net","boundary lines"],"playerLevel":"casual players","areaNotes":["Watch out: narrow net, Nicht, Originalhöhe"],"parkInspectorScore":40}',
    '["public outdoor court","bathing lake","water nearby"]',
    '[{"url":"https://parkinspector.de/api/?files&file=78c24dba1bdb9e8b1c20044b994493b8ec096329--Bild1_cut-min.jpg&width=1600","sourceUrl":"https://parkinspector.de/parks/Beachen/Biesdorfer-Baggersee/514","credit":"Parkinspector","license":"Permission required; no reusable license found during research","rightsStatus":"requires_permission"},{"url":"https://parkinspector.de/api/?files&file=fe2a83a68a9771793c2b1ae95b293c16b766e3dc--a.jpg&width=1600","sourceUrl":"https://parkinspector.de/parks/Beachen/Biesdorfer-Baggersee/514","credit":"Parkinspector","license":"Permission required; no reusable license found during research","rightsStatus":"requires_permission"}]',
    '["https://parkinspector.de/parks/Beachen/Biesdorfer-Baggersee/514"]',
    NULL,
    '2026-04-24T00:00:00.000Z',
    '2026-04-24T00:00:00.000Z'
  ),
  (
    'venue-blucherstrasse-europa-kita',
    'Blücherstraße (Europa-Kita)',
    'Blücherstraße 46, 10961 Berlin',
    'A public outdoor beach volleyball spot in Kreuzberg. Parkinspector lists 2 courts here. The playing surface is well-kept sand. It has no boundary lines.',
    'free',
    52.49094402830924,
    13.406586397906205,
    NULL,
    'Public access',
    'https://parkinspector.de/parks/Beachen/Bluecherstrasse-Europakita/599',
    'https://parkinspector.de/api/?files&file=0c8b96fa2405be072b7f12cb3e56510c8e5ea7bb--Bild1_Bl%C3%BCcherstra%C3%9Fe.jpg&width=1600',
    'https://parkinspector.de/parks/Beachen/Bluecherstrasse-Europakita/599',
    'https://goo.gl/maps/eqiDHnoPUwEaRbyC8',
    2,
    0,
    2,
    'public',
    'outdoor',
    'Outdoor public/community spot, weather/daylight dependent.',
    '{"surface":"well-kept sand","equipment":["no boundary lines"],"playerLevel":"very few players","areaNotes":["Watch out: Kein, Netz, no boundary lines"],"parkInspectorScore":39}',
    '["public outdoor court","net posts, no boundary lines","campus location","basketball nearby"]',
    '[{"url":"https://parkinspector.de/api/?files&file=0c8b96fa2405be072b7f12cb3e56510c8e5ea7bb--Bild1_Bl%C3%BCcherstra%C3%9Fe.jpg&width=1600","sourceUrl":"https://parkinspector.de/parks/Beachen/Bluecherstrasse-Europakita/599","credit":"Parkinspector","license":"Permission required; no reusable license found during research","rightsStatus":"requires_permission"},{"url":"https://parkinspector.de/api/?files&file=451cb98ce5de59516b6ee1514e885f4bb80f47f7--a.jpg&width=1600","sourceUrl":"https://parkinspector.de/parks/Beachen/Bluecherstrasse-Europakita/599","credit":"Parkinspector","license":"Permission required; no reusable license found during research","rightsStatus":"requires_permission"}]',
    '["https://parkinspector.de/parks/Beachen/Bluecherstrasse-Europakita/599"]',
    NULL,
    '2026-04-24T00:00:00.000Z',
    '2026-04-24T00:00:00.000Z'
  ),
  (
    'venue-borussia-friedrichsfelde',
    'Borussia Friedrichsfelde',
    'Zachertstraße 30, 10315 Berlin',
    'A public outdoor beach volleyball spot in Friedrichsfelde. Parkinspector lists 2 courts here. The playing surface is hard rubber. It has a fixed net and boundary lines.',
    'free',
    52.50320749661199,
    13.505793854011563,
    NULL,
    'Public access',
    'https://parkinspector.de/parks/Beachen/Borussia-Friedrichsfelde/448',
    'https://parkinspector.de/api/?files&file=7b0c5723d9fb2ea67bfeca36a6cc0306dbdb94fd--bild1_cut-min.jpg&width=1600',
    'https://parkinspector.de/parks/Beachen/Borussia-Friedrichsfelde/448',
    'https://goo.gl/maps/Sdpx8cvJEy9PU3me6',
    2,
    0,
    2,
    'mixed',
    'outdoor',
    'Outdoor public/community spot, weather/daylight dependent.',
    '{"surface":"hard rubber","equipment":["fixed net","boundary lines"],"playerLevel":"casual players","areaNotes":["Positive: large playing arean, Gute, Netze, Viele, Spiele","Watch out: Kein, Sand"],"parkInspectorScore":49}',
    '["public outdoor court","hard rubber surface","club grounds"]',
    '[{"url":"https://parkinspector.de/api/?files&file=7b0c5723d9fb2ea67bfeca36a6cc0306dbdb94fd--bild1_cut-min.jpg&width=1600","sourceUrl":"https://parkinspector.de/parks/Beachen/Borussia-Friedrichsfelde/448","credit":"Parkinspector","license":"Permission required; no reusable license found during research","rightsStatus":"requires_permission"},{"url":"https://parkinspector.de/api/?files&file=a1dff46c9b5a294b657f1a438c336e831fb4ff8a--bild3_cut-min.jpg&width=1600","sourceUrl":"https://parkinspector.de/parks/Beachen/Borussia-Friedrichsfelde/448","credit":"Parkinspector","license":"Permission required; no reusable license found during research","rightsStatus":"requires_permission"}]',
    '["https://parkinspector.de/parks/Beachen/Borussia-Friedrichsfelde/448"]',
    NULL,
    '2026-04-24T00:00:00.000Z',
    '2026-04-24T00:00:00.000Z'
  ),
  (
    'venue-britzer-damm',
    'Britzer Damm',
    'Britzer Damm 2, 12347 Berlin',
    'A public outdoor beach volleyball spot in Neukölln. Parkinspector lists one court here. The playing surface is decent sand. It has a fixed net and no boundary lines.',
    'free',
    52.46222108137782,
    13.430286638114373,
    NULL,
    'Public access',
    'https://parkinspector.de/parks/Beachen/Britzer-Damm/115',
    'https://parkinspector.de/api/?files&file=f0bbab772cf6024b43bacbb1b30da15cadc3ec71--Bild_cut-min.jpg&width=1600',
    'https://parkinspector.de/parks/Beachen/Britzer-Damm/115',
    'https://goo.gl/maps/DsUw4yA1sXTm9H7LA',
    1,
    0,
    1,
    'public',
    'outdoor',
    'Outdoor public/community spot, weather/daylight dependent.',
    '{"surface":"decent sand","equipment":["fixed net","no boundary lines"],"playerLevel":"few players","areaNotes":["Watch out: Steinstufen, Gestrüpp"],"parkInspectorScore":38}',
    '["public outdoor court","basketball nearby"]',
    '[{"url":"https://parkinspector.de/api/?files&file=f0bbab772cf6024b43bacbb1b30da15cadc3ec71--Bild_cut-min.jpg&width=1600","sourceUrl":"https://parkinspector.de/parks/Beachen/Britzer-Damm/115","credit":"Parkinspector","license":"Permission required; no reusable license found during research","rightsStatus":"requires_permission"},{"url":"https://parkinspector.de/api/?files&file=52f1a9d4674e50aa5bbd639815b5d5554d5a7031--a.jpg&width=1600","sourceUrl":"https://parkinspector.de/parks/Beachen/Britzer-Damm/115","credit":"Parkinspector","license":"Permission required; no reusable license found during research","rightsStatus":"requires_permission"}]',
    '["https://parkinspector.de/parks/Beachen/Britzer-Damm/115"]',
    NULL,
    '2026-04-24T00:00:00.000Z',
    '2026-04-24T00:00:00.000Z'
  ),
  (
    'venue-clara-zetkin-park',
    'Clara-Zetkin-Park',
    'Niemegker Str. 19-21, 12689 Berlin',
    'A public outdoor beach volleyball spot in Marzahn. Parkinspector lists one court here. The playing surface is grober sand. It has no boundary lines.',
    'free',
    52.56584765386938,
    13.569908806355308,
    NULL,
    'Public access',
    'https://parkinspector.de/parks/Beachen/Clarazetkinpark/140',
    'https://parkinspector.de/api/?files&file=70a3256efec19d333763a08df7ba3fa14bc53bd7--Bild1_cut-mini.jpg&width=1600',
    'https://parkinspector.de/parks/Beachen/Clarazetkinpark/140',
    'https://goo.gl/maps/n3NeJS8MEGvBQfgQ6',
    1,
    0,
    1,
    'public',
    'outdoor',
    'Outdoor public/community spot, weather/daylight dependent.',
    '{"surface":"grober sand","equipment":["no boundary lines"],"playerLevel":"very few players","areaNotes":[],"parkInspectorScore":20}',
    '["public outdoor court","coarse sand","no net, no boundary lines"]',
    '[{"url":"https://parkinspector.de/api/?files&file=70a3256efec19d333763a08df7ba3fa14bc53bd7--Bild1_cut-mini.jpg&width=1600","sourceUrl":"https://parkinspector.de/parks/Beachen/Clarazetkinpark/140","credit":"Parkinspector","license":"Permission required; no reusable license found during research","rightsStatus":"requires_permission"},{"url":"https://parkinspector.de/api/?files&file=5346ed10ac5a600cfa3f984634c02cad57d223cd--Bild3a_cut-min.jpg&width=1600","sourceUrl":"https://parkinspector.de/parks/Beachen/Clarazetkinpark/140","credit":"Parkinspector","license":"Permission required; no reusable license found during research","rightsStatus":"requires_permission"}]',
    '["https://parkinspector.de/parks/Beachen/Clarazetkinpark/140"]',
    NULL,
    '2026-04-24T00:00:00.000Z',
    '2026-04-24T00:00:00.000Z'
  ),
  (
    'venue-dolgenseestrasse',
    'Dolgenseestraße',
    'Dolgenseestraße 15-17, 10319 Berlin',
    'A green public sport spot in Friedrichsfelde with one sand court. Parkinspector lists one court here. The playing surface is well-kept sand. It has a fixed net and no boundary lines.',
    'free',
    52.4920210086378,
    13.508528395283035,
    NULL,
    'Daily 07:00-13:00 / 15:00-20:00',
    'https://parkinspector.de/parks/Beachen/Dolgenseestrasse/100',
    'https://parkinspector.de/api/?files&file=8668eb6a15f429d611aba30689741c690f23d752--Bild1-min-min.jpg&width=1600',
    'https://parkinspector.de/parks/Beachen/Dolgenseestrasse/100',
    'https://goo.gl/maps/i5vL8ZzTqffXR1rg6',
    1,
    0,
    1,
    'public',
    'outdoor',
    'Outdoor public/community spot, weather/daylight dependent.',
    '{"surface":"well-kept sand","equipment":["fixed net","no boundary lines"],"playerLevel":"few players","areaNotes":[],"parkInspectorScore":46}',
    '["public outdoor court","posted opening hours"]',
    '[{"url":"https://parkinspector.de/api/?files&file=8668eb6a15f429d611aba30689741c690f23d752--Bild1-min-min.jpg&width=1600","sourceUrl":"https://parkinspector.de/parks/Beachen/Dolgenseestrasse/100","credit":"Parkinspector","license":"Permission required; no reusable license found during research","rightsStatus":"requires_permission"},{"url":"https://parkinspector.de/api/?files&file=35458950c635560392904dda4f1451d747eb25e3--q.jpg&width=1600","sourceUrl":"https://parkinspector.de/parks/Beachen/Dolgenseestrasse/100","credit":"Parkinspector","license":"Permission required; no reusable license found during research","rightsStatus":"requires_permission"}]',
    '["https://parkinspector.de/parks/Beachen/Dolgenseestrasse/100"]',
    NULL,
    '2026-04-24T00:00:00.000Z',
    '2026-04-24T00:00:00.000Z'
  ),
  (
    'venue-elfiwiese',
    'Elfiwiese',
    'Ritterhufen 23A, 14165 Berlin',
    'A public outdoor beach volleyball spot in Zehlendorf. Parkinspector lists one court here. The playing surface is well-kept sand. It has no boundary lines.',
    'free',
    52.413873996430546,
    13.264635191723846,
    NULL,
    'Public access',
    'https://parkinspector.de/parks/Beachen/Elfiwiese/622',
    'https://parkinspector.de/api/?files&file=b88e924faf6449204bf52e394c3674a978fe2cc4--Bild1_Elfwiese.jpg&width=1600',
    'https://parkinspector.de/parks/Beachen/Elfiwiese/622',
    'https://goo.gl/maps/sGrvavXwphSKwdrQA',
    1,
    0,
    1,
    'public',
    'outdoor',
    'Outdoor public/community spot, weather/daylight dependent.',
    '{"surface":"well-kept sand","equipment":["no boundary lines"],"playerLevel":"very few players","areaNotes":["Watch out: Dünne, Netzstange, no boundary lines"],"parkInspectorScore":29}',
    '["public outdoor court","net posts, no boundary lines","basketball nearby","water nearby"]',
    '[{"url":"https://parkinspector.de/api/?files&file=b88e924faf6449204bf52e394c3674a978fe2cc4--Bild1_Elfwiese.jpg&width=1600","sourceUrl":"https://parkinspector.de/parks/Beachen/Elfiwiese/622","credit":"Parkinspector","license":"Permission required; no reusable license found during research","rightsStatus":"requires_permission"},{"url":"https://parkinspector.de/api/?files&file=fcea8f124eb9d45753342e96c6c4ae547c60dfc0--a.jpg&width=1600","sourceUrl":"https://parkinspector.de/parks/Beachen/Elfiwiese/622","credit":"Parkinspector","license":"Permission required; no reusable license found during research","rightsStatus":"requires_permission"}]',
    '["https://parkinspector.de/parks/Beachen/Elfiwiese/622"]',
    NULL,
    '2026-04-24T00:00:00.000Z',
    '2026-04-24T00:00:00.000Z'
  ),
  (
    'venue-emdener-strasse',
    'Emdener Straße',
    'Oldenburger Str. 38, 10551 Berlin',
    'A public volleyball court on a neighborhood sport area in Moabit. Parkinspector lists one court here. The playing surface is hard rubber. It has a fixed net and boundary lines.',
    'free',
    52.53013435942049,
    13.335255349115565,
    NULL,
    'Public access',
    'https://parkinspector.de/parks/Beachen/Emdener-Strasse/712',
    'https://parkinspector.de/api/?files&file=67e5cc143d278edff7f86d5d07a90d975a5fc340--bild1_emdener.jpg&width=1600',
    'https://parkinspector.de/parks/Beachen/Emdener-Strasse/712',
    'https://goo.gl/maps/T1SYPRsqPx2c2H4u6',
    1,
    0,
    1,
    'public',
    'outdoor',
    'Outdoor public/community spot, weather/daylight dependent.',
    '{"surface":"hard rubber","equipment":["fixed net","boundary lines"],"playerLevel":"very few players","areaNotes":["Positive: large playing area","Watch out: narrow net, Kein, Sand"],"parkInspectorScore":35}',
    '["public outdoor court","hard rubber surface","table tennis nearby"]',
    '[{"url":"https://parkinspector.de/api/?files&file=67e5cc143d278edff7f86d5d07a90d975a5fc340--bild1_emdener.jpg&width=1600","sourceUrl":"https://parkinspector.de/parks/Beachen/Emdener-Strasse/712","credit":"Parkinspector","license":"Permission required; no reusable license found during research","rightsStatus":"requires_permission"},{"url":"https://parkinspector.de/api/?files&file=893a420a104fc89f8aaacebca0aee377223b5b29--a.jpg&width=1600","sourceUrl":"https://parkinspector.de/parks/Beachen/Emdener-Strasse/712","credit":"Parkinspector","license":"Permission required; no reusable license found during research","rightsStatus":"requires_permission"}]',
    '["https://parkinspector.de/parks/Beachen/Emdener-Strasse/712"]',
    NULL,
    '2026-04-24T00:00:00.000Z',
    '2026-04-24T00:00:00.000Z'
  ),
  (
    'venue-freizeitpark-marienfelde-amiberg',
    'Freizeitpark Marienfelde (Amiberg)',
    'Straße 478, 12277 Berlin',
    'A hidden hilltop court in Freizeitpark Marienfelde. Parkinspector lists one court here. The playing surface is well-kept sand. It has a fixed net and no boundary lines.',
    'free',
    52.40381845248915,
    13.369409698946605,
    NULL,
    'Public access',
    'https://parkinspector.de/parks/Beachen/Freizeitpark-Marienfelde-Amiberg/106',
    'https://parkinspector.de/api/?files&file=c5c9b449b40f988fc3b207806cfee3d287255d99--Bild1_cut-min-min%20(1).jpg&width=1600',
    'https://parkinspector.de/parks/Beachen/Freizeitpark-Marienfelde-Amiberg/106',
    'https://goo.gl/maps/3B9DkqLCjcRZM9i4A',
    1,
    0,
    1,
    'public',
    'outdoor',
    'Outdoor public/community spot, weather/daylight dependent.',
    '{"surface":"well-kept sand","equipment":["fixed net","no boundary lines"],"playerLevel":"casual players","areaNotes":["Watch out: narrow net"],"parkInspectorScore":38}',
    '["public outdoor court"]',
    '[{"url":"https://parkinspector.de/api/?files&file=c5c9b449b40f988fc3b207806cfee3d287255d99--Bild1_cut-min-min%20(1).jpg&width=1600","sourceUrl":"https://parkinspector.de/parks/Beachen/Freizeitpark-Marienfelde-Amiberg/106","credit":"Parkinspector","license":"Permission required; no reusable license found during research","rightsStatus":"requires_permission"},{"url":"https://parkinspector.de/api/?files&file=1dda33d04d2b1978f9196efb180002037214d873--Bild3_cut-min.jpg&width=1600","sourceUrl":"https://parkinspector.de/parks/Beachen/Freizeitpark-Marienfelde-Amiberg/106","credit":"Parkinspector","license":"Permission required; no reusable license found during research","rightsStatus":"requires_permission"}]',
    '["https://parkinspector.de/parks/Beachen/Freizeitpark-Marienfelde-Amiberg/106"]',
    NULL,
    '2026-04-24T00:00:00.000Z',
    '2026-04-24T00:00:00.000Z'
  ),
  (
    'venue-freizeitpark-tegel-malche',
    'Freizeitpark Tegel (Malche)',
    'An der Malche, 13507 Berlin',
    'A simple public court by the north shore of Tegeler See. Parkinspector lists one court here. The playing surface is well-kept sand. It has a fixed net and no boundary lines.',
    'free',
    52.59325564658459,
    13.267472886560908,
    NULL,
    'Public access',
    'https://parkinspector.de/parks/Beachen/Freizeitpark-Tegel-Malche/774',
    'https://parkinspector.de/api/?files&file=98789e579b59fc07b582d0e032f21f4291accef7--bild1_freizeitpark_tegel.jpg&width=1600',
    'https://parkinspector.de/parks/Beachen/Freizeitpark-Tegel-Malche/774',
    'https://maps.app.goo.gl/d335YkVSgQ4fat6J8',
    1,
    0,
    1,
    'public',
    'outdoor',
    'Outdoor public/community spot, weather/daylight dependent.',
    '{"surface":"well-kept sand","equipment":["fixed net","no boundary lines"],"playerLevel":"very few players","areaNotes":[],"parkInspectorScore":36}',
    '["public outdoor court","basketball nearby","calisthenics nearby","table tennis nearby","water nearby"]',
    '[{"url":"https://parkinspector.de/api/?files&file=98789e579b59fc07b582d0e032f21f4291accef7--bild1_freizeitpark_tegel.jpg&width=1600","sourceUrl":"https://parkinspector.de/parks/Beachen/Freizeitpark-Tegel-Malche/774","credit":"Parkinspector","license":"Permission required; no reusable license found during research","rightsStatus":"requires_permission"},{"url":"https://parkinspector.de/api/?files&file=1163b2784fac1133b999f323ff1b32055c53a3c5--a.jpg&width=1600","sourceUrl":"https://parkinspector.de/parks/Beachen/Freizeitpark-Tegel-Malche/774","credit":"Parkinspector","license":"Permission required; no reusable license found during research","rightsStatus":"requires_permission"}]',
    '["https://parkinspector.de/parks/Beachen/Freizeitpark-Tegel-Malche/774"]',
    NULL,
    '2026-04-24T00:00:00.000Z',
    '2026-04-24T00:00:00.000Z'
  ),
  (
    'venue-freizeitsportanlage-sudpark',
    'Freizeitsportanlage Südpark',
    'Weverstraße 38, 13595 Berlin',
    'A public outdoor beach volleyball spot in Spandau. Parkinspector lists 2 courts here. The playing surface is well-kept sand. It has a fixed net and boundary lines.',
    'free',
    52.51852506009895,
    13.191615717391953,
    NULL,
    'Daily 10:00-20:00',
    'https://parkinspector.de/parks/Beachen/Freizeitsportanlage-Suedpark/512',
    'https://parkinspector.de/api/?files&file=bb39903776d9b88cf338d1fd8155931e3567abcc--Bild1_cut-min.jpg&width=1600',
    'https://parkinspector.de/parks/Beachen/Freizeitsportanlage-Suedpark/512',
    'https://maps.app.goo.gl/3aogKD57QmGMrLZm9',
    2,
    0,
    2,
    'public',
    'outdoor',
    'Outdoor public/community spot, weather/daylight dependent.',
    '{"surface":"well-kept sand","equipment":["fixed net","boundary lines"],"playerLevel":"freizeitsportler","areaNotes":[],"parkInspectorScore":55}',
    '["public outdoor court","Freizeitsportler","food nearby","toilets","posted opening hours","basketball nearby"]',
    '[{"url":"https://parkinspector.de/api/?files&file=bb39903776d9b88cf338d1fd8155931e3567abcc--Bild1_cut-min.jpg&width=1600","sourceUrl":"https://parkinspector.de/parks/Beachen/Freizeitsportanlage-Suedpark/512","credit":"Parkinspector","license":"Permission required; no reusable license found during research","rightsStatus":"requires_permission"},{"url":"https://parkinspector.de/api/?files&file=f5e0ee0add93d1cd49df6e54e9e89248d8fccad7--a%20%20.jpg&width=1600","sourceUrl":"https://parkinspector.de/parks/Beachen/Freizeitsportanlage-Suedpark/512","credit":"Parkinspector","license":"Permission required; no reusable license found during research","rightsStatus":"requires_permission"}]',
    '["https://parkinspector.de/parks/Beachen/Freizeitsportanlage-Suedpark/512"]',
    NULL,
    '2026-04-24T00:00:00.000Z',
    '2026-04-24T00:00:00.000Z'
  ),
  (
    'venue-grosser-spektesee',
    'Großer Spektesee',
    'Spekteweg, 13583 Berlin',
    'A popular Spandau lakeside spot with four free outdoor courts. Parkinspector lists 4 courts here. The playing surface is well-kept sand and grass. It has fixed nets and no boundary lines.',
    'free',
    52.54405774106209,
    13.167644336143693,
    NULL,
    'Public access',
    'https://parkinspector.de/parks/Beachen/Grosser-Spektesee/780',
    'https://parkinspector.de/api/?files&file=d7e021f6d0160937fab90bfac69f322885ab1b16--bild2_spektesee.jpg&width=1600',
    'https://parkinspector.de/parks/Beachen/Grosser-Spektesee/780',
    'https://maps.app.goo.gl/F4jbLq4YS3m7HLhb7',
    4,
    0,
    4,
    'public',
    'outdoor',
    'Outdoor public/community spot, weather/daylight dependent.',
    '{"surface":"well-kept sand and grass","equipment":["fixed nets","no boundary lines"],"playerLevel":"stronger regular players","areaNotes":["Positive: many players","Watch out: no benches"],"parkInspectorScore":55}',
    '["public outdoor court","bathing lake","basketball nearby","calisthenics nearby","skatepark nearby","water nearby"]',
    '[{"url":"https://parkinspector.de/api/?files&file=d7e021f6d0160937fab90bfac69f322885ab1b16--bild2_spektesee.jpg&width=1600","sourceUrl":"https://parkinspector.de/parks/Beachen/Grosser-Spektesee/780","credit":"Parkinspector","license":"Permission required; no reusable license found during research","rightsStatus":"requires_permission"},{"url":"https://parkinspector.de/api/?files&file=7f8d82297a1474c0e8ba8cd83baac66931e2a088--start_spektesee.jpg&width=1600","sourceUrl":"https://parkinspector.de/parks/Beachen/Grosser-Spektesee/780","credit":"Parkinspector","license":"Permission required; no reusable license found during research","rightsStatus":"requires_permission"}]',
    '["https://parkinspector.de/parks/Beachen/Grosser-Spektesee/780"]',
    NULL,
    '2026-04-24T00:00:00.000Z',
    '2026-04-24T00:00:00.000Z'
  ),
  (
    'venue-grunzug-britz',
    'Grünzug Britz',
    'Grünzug Britz, 12351 Berlin',
    'A public outdoor beach volleyball spot in Gropiusstadt. Parkinspector lists one court here. The playing surface is well-kept sand. It has a fixed net and no boundary lines.',
    'free',
    52.431559296886896,
    13.451422117150829,
    NULL,
    'Public access',
    'https://parkinspector.de/parks/Beachen/Gruenzug-Britz/139',
    'https://parkinspector.de/api/?files&file=00b82ed060070701de0808d354517fc532208215--Bild1_cut-mini.jpg&width=1600',
    'https://parkinspector.de/parks/Beachen/Gruenzug-Britz/139',
    'https://goo.gl/maps/gzEnYwusZTft8nNT8',
    1,
    0,
    1,
    'public',
    'outdoor',
    'Outdoor public/community spot, weather/daylight dependent.',
    '{"surface":"well-kept sand","equipment":["fixed net","no boundary lines"],"playerLevel":"wenige sportler","areaNotes":["Positive: Minifeld, Gepflegt","Watch out: narrow net"],"parkInspectorScore":33}',
    '["public outdoor court","Wenige Sportler"]',
    '[{"url":"https://parkinspector.de/api/?files&file=00b82ed060070701de0808d354517fc532208215--Bild1_cut-mini.jpg&width=1600","sourceUrl":"https://parkinspector.de/parks/Beachen/Gruenzug-Britz/139","credit":"Parkinspector","license":"Permission required; no reusable license found during research","rightsStatus":"requires_permission"},{"url":"https://parkinspector.de/api/?files&file=920368b39471567d247ffe0477638c432059fde3--a.jpg&width=1600","sourceUrl":"https://parkinspector.de/parks/Beachen/Gruenzug-Britz/139","credit":"Parkinspector","license":"Permission required; no reusable license found during research","rightsStatus":"requires_permission"}]',
    '["https://parkinspector.de/parks/Beachen/Gruenzug-Britz/139"]',
    NULL,
    '2026-04-24T00:00:00.000Z',
    '2026-04-24T00:00:00.000Z'
  ),
  (
    'venue-hohensaatener-strasse',
    'Hohensaatener Straße',
    'Hohensaatener Str. 18, 12679 Berlin',
    'A public outdoor beach volleyball spot in Marzahn. Parkinspector lists one court here. The playing surface is grober sand. It has a fixed net and no boundary lines.',
    'free',
    52.549405159501234,
    13.576571928836024,
    NULL,
    'Public access',
    'https://parkinspector.de/parks/Beachen/Hohensaatener-Strasse/142',
    'https://parkinspector.de/api/?files&file=9cacc4db6210fd4f33551263325d2b032ef74d23--Bild1-mini.jpg&width=1600',
    'https://parkinspector.de/parks/Beachen/Hohensaatener-Strasse/142',
    'https://goo.gl/maps/tEUJTKxyfvQCQzVY8',
    1,
    0,
    1,
    'public',
    'outdoor',
    'Outdoor public/community spot, weather/daylight dependent.',
    '{"surface":"grober sand","equipment":["fixed net","no boundary lines"],"playerLevel":"very few players","areaNotes":["Watch out: coarse sand, damaged net, little runout space"],"parkInspectorScore":19}',
    '["public outdoor court","coarse sand","showers"]',
    '[{"url":"https://parkinspector.de/api/?files&file=9cacc4db6210fd4f33551263325d2b032ef74d23--Bild1-mini.jpg&width=1600","sourceUrl":"https://parkinspector.de/parks/Beachen/Hohensaatener-Strasse/142","credit":"Parkinspector","license":"Permission required; no reusable license found during research","rightsStatus":"requires_permission"},{"url":"https://parkinspector.de/api/?files&file=74dd1a0a5d718d350b8fa0952cce49cf7f4da925--Bild3_cut-min.jpg&width=1600","sourceUrl":"https://parkinspector.de/parks/Beachen/Hohensaatener-Strasse/142","credit":"Parkinspector","license":"Permission required; no reusable license found during research","rightsStatus":"requires_permission"}]',
    '["https://parkinspector.de/parks/Beachen/Hohensaatener-Strasse/142"]',
    NULL,
    '2026-04-24T00:00:00.000Z',
    '2026-04-24T00:00:00.000Z'
  ),
  (
    'venue-insulaner',
    'Insulaner',
    'Prellerweg 7, 12157 Berlin',
    'A family-friendly public court at Insulaner. Parkinspector lists one court here. The playing surface is well-kept sand. It has a fixed net and no boundary lines.',
    'free',
    52.45934799131837,
    13.35024660108833,
    NULL,
    'Public access',
    'https://parkinspector.de/parks/Beachen/Insulaner/123',
    'https://parkinspector.de/api/?files&file=57c15eacdf3f4dcf27a6425bcd837580e096aca2--Bild1_cut-mini.jpg&width=1600',
    'https://parkinspector.de/parks/Beachen/Insulaner/123',
    'https://goo.gl/maps/oNwvT2D2rAhs3Pmx8',
    1,
    0,
    1,
    'public',
    'outdoor',
    'Outdoor public/community spot, weather/daylight dependent.',
    '{"surface":"well-kept sand","equipment":["fixed net","no boundary lines"],"playerLevel":"casual players","areaNotes":["Watch out: rough net"],"parkInspectorScore":43}',
    '["public outdoor court"]',
    '[{"url":"https://parkinspector.de/api/?files&file=57c15eacdf3f4dcf27a6425bcd837580e096aca2--Bild1_cut-mini.jpg&width=1600","sourceUrl":"https://parkinspector.de/parks/Beachen/Insulaner/123","credit":"Parkinspector","license":"Permission required; no reusable license found during research","rightsStatus":"requires_permission"},{"url":"https://parkinspector.de/api/?files&file=dee5dac1e358be2b8f134b0c0ba1bd6b568db37f--a.jpg&width=1600","sourceUrl":"https://parkinspector.de/parks/Beachen/Insulaner/123","credit":"Parkinspector","license":"Permission required; no reusable license found during research","rightsStatus":"requires_permission"}]',
    '["https://parkinspector.de/parks/Beachen/Insulaner/123"]',
    NULL,
    '2026-04-24T00:00:00.000Z',
    '2026-04-24T00:00:00.000Z'
  ),
  (
    'venue-krusenick',
    'Krusenick',
    'An der Filmfabrik, 12555 Berlin',
    'A public outdoor beach volleyball spot in Köpenick. Parkinspector lists one court here. The playing surface is well-kept sand. It has a fixed net and no boundary lines.',
    'free',
    52.45031694416539,
    13.586240596313118,
    NULL,
    'Public access',
    'https://parkinspector.de/parks/Beachen/Krusenick/124',
    'https://parkinspector.de/api/?files&file=a11ca5da00974e68dd248b10f9defd5191dbcd3c--Bild2_cut-mini.jpg&width=1600',
    'https://parkinspector.de/parks/Beachen/Krusenick/124',
    'https://goo.gl/maps/DyfYNx7CJTixDNzJ9',
    1,
    0,
    1,
    'public',
    'outdoor',
    'Outdoor public/community spot, weather/daylight dependent.',
    '{"surface":"well-kept sand","equipment":["fixed net","no boundary lines"],"playerLevel":"casual players","areaNotes":[],"parkInspectorScore":43}',
    '["public outdoor court"]',
    '[{"url":"https://parkinspector.de/api/?files&file=a11ca5da00974e68dd248b10f9defd5191dbcd3c--Bild2_cut-mini.jpg&width=1600","sourceUrl":"https://parkinspector.de/parks/Beachen/Krusenick/124","credit":"Parkinspector","license":"Permission required; no reusable license found during research","rightsStatus":"requires_permission"},{"url":"https://parkinspector.de/api/?files&file=3db2bb6bcc08542aff6386f735e90e4122ea1f29--a.jpg&width=1600","sourceUrl":"https://parkinspector.de/parks/Beachen/Krusenick/124","credit":"Parkinspector","license":"Permission required; no reusable license found during research","rightsStatus":"requires_permission"}]',
    '["https://parkinspector.de/parks/Beachen/Krusenick/124"]',
    NULL,
    '2026-04-24T00:00:00.000Z',
    '2026-04-24T00:00:00.000Z'
  ),
  (
    'venue-herrmann-dorner-allee',
    'Landschaftspark Johannisthal',
    'Hermann-Dorner-Allee, 12489 Berlin',
    'A neighborhood court in Landschaftspark Johannisthal. Parkinspector lists one court here. The playing surface is well-kept sand. It has a fixed net and no boundary lines.',
    'free',
    52.43587900650249,
    13.522515735990114,
    NULL,
    'Public access',
    'https://www.beachup.app/de/beachvolleyballplaetze/deutschland/berlin/',
    'https://parkinspector.de/api/?files&file=dcfc1e43e50df4f4348a16bc73881da5f57bd5d7--Bild1_cut-mini.jpg&width=1600',
    'https://parkinspector.de/parks/Beachen/Landschaftspark-Johannisthal/71',
    'https://goo.gl/maps/5PxK5rntWZNTgitk9',
    1,
    0,
    1,
    'public',
    'outdoor',
    'Outdoor public/community court, weather/daylight dependent.',
    '{"surface":"well-kept sand","equipment":["fixed net","no boundary lines"],"playerLevel":"few players","areaNotes":[],"parkInspectorScore":39}',
    '["near calisthenics park","hobby court","fixed net height reported low","public outdoor court"]',
    '[{"url":"https://parkinspector.de/api/?files&file=dcfc1e43e50df4f4348a16bc73881da5f57bd5d7--Bild1_cut-mini.jpg&width=1600","sourceUrl":"https://parkinspector.de/parks/Beachen/Landschaftspark-Johannisthal/71","credit":"Parkinspector","license":"Permission required; no reusable license found during research","rightsStatus":"requires_permission"},{"url":"https://parkinspector.de/api/?files&file=dda394458cc34547883cc4b45cfaa8635eba75ac--Bild3_cut-min.jpg&width=1600","sourceUrl":"https://parkinspector.de/parks/Beachen/Landschaftspark-Johannisthal/71","credit":"Parkinspector","license":"Permission required; no reusable license found during research","rightsStatus":"requires_permission"}]',
    '["https://www.beachup.app/de/beachvolleyballplaetze/deutschland/berlin/","https://parkinspector.de/parks/Beachen/Landschaftspark-Johannisthal/71"]',
    'Merged Parkinspector Landschaftspark Johannisthal (71) into the existing canonical venue record.',
    '2026-04-24T00:00:00.000Z',
    '2026-04-24T00:00:00.000Z'
  ),
  (
    'venue-marchlewskistrasse',
    'Marchlewskistraße',
    'Marchlewskistraße 78, 10243 Berlin',
    'A public outdoor beach volleyball spot in Friedrichshain. Parkinspector lists one court here. The playing surface is decent sand. It has a fixed net and no boundary lines.',
    'free',
    52.5110182964395,
    13.446734994390019,
    NULL,
    'Public access',
    'https://parkinspector.de/parks/Beachen/Marchlewskistrasse/524',
    'https://parkinspector.de/api/?files&file=0e30cd409b07a19574fd5350af2e35a806f64489--Bild1_cut-min.jpg&width=1600',
    'https://parkinspector.de/parks/Beachen/Marchlewskistrasse/524',
    'https://goo.gl/maps/MMxa4BGu5CRUgfXe7',
    1,
    0,
    1,
    'public',
    'outdoor',
    'Outdoor public/community spot, weather/daylight dependent.',
    '{"surface":"decent sand","equipment":["fixed net","no boundary lines"],"playerLevel":"casual players","areaNotes":[],"parkInspectorScore":46}',
    '["public outdoor court","posted opening hours"]',
    '[{"url":"https://parkinspector.de/api/?files&file=0e30cd409b07a19574fd5350af2e35a806f64489--Bild1_cut-min.jpg&width=1600","sourceUrl":"https://parkinspector.de/parks/Beachen/Marchlewskistrasse/524","credit":"Parkinspector","license":"Permission required; no reusable license found during research","rightsStatus":"requires_permission"},{"url":"https://parkinspector.de/api/?files&file=4dd2d9c289ee365185004a1e9f68042449804c8e--a.jpg&width=1600","sourceUrl":"https://parkinspector.de/parks/Beachen/Marchlewskistrasse/524","credit":"Parkinspector","license":"Permission required; no reusable license found during research","rightsStatus":"requires_permission"}]',
    '["https://parkinspector.de/parks/Beachen/Marchlewskistrasse/524"]',
    NULL,
    '2026-04-24T00:00:00.000Z',
    '2026-04-24T00:00:00.000Z'
  ),
  (
    'venue-mellowpark',
    'Mellowpark',
    'An der Wulheide 250, 12459 Berlin',
    'An idyllic riverside court at Mellowpark. Parkinspector lists one court here. The playing surface is decent sand. It has a fixed net and boundary lines.',
    'free',
    52.45505157638395,
    13.562450535556723,
    NULL,
    'Mon-Fri 15:00-20:00; Sat-Sun 10:00-20:00',
    'https://parkinspector.de/parks/Beachen/Mellowpark/760',
    'https://parkinspector.de/api/?files&file=a3cc6fcb74e5687ff1fb9ac089211d05296bb639--bild1_mellow.jpg&width=1600',
    'https://parkinspector.de/parks/Beachen/Mellowpark/760',
    'https://g.page/MellowparkBerlin?share',
    1,
    0,
    1,
    'public',
    'outdoor',
    'Outdoor public/community spot, weather/daylight dependent.',
    '{"surface":"decent sand","equipment":["fixed net","boundary lines"],"playerLevel":"casual players","areaNotes":["Positive: regulation-size court, supervised sport park, toilets, snack stand"],"parkInspectorScore":48}',
    '["public outdoor court","food nearby","graffiti nearby","toilets","posted opening hours","skatepark nearby"]',
    '[{"url":"https://parkinspector.de/api/?files&file=a3cc6fcb74e5687ff1fb9ac089211d05296bb639--bild1_mellow.jpg&width=1600","sourceUrl":"https://parkinspector.de/parks/Beachen/Mellowpark/760","credit":"Parkinspector","license":"Permission required; no reusable license found during research","rightsStatus":"requires_permission"},{"url":"https://parkinspector.de/api/?files&file=0ed29fb0fe3cdd53088799f4eb918825896a96da--a.jpg&width=1600","sourceUrl":"https://parkinspector.de/parks/Beachen/Mellowpark/760","credit":"Parkinspector","license":"Permission required; no reusable license found during research","rightsStatus":"requires_permission"}]',
    '["https://parkinspector.de/parks/Beachen/Mellowpark/760"]',
    NULL,
    '2026-04-24T00:00:00.000Z',
    '2026-04-24T00:00:00.000Z'
  ),
  (
    'venue-monbijoupark',
    'Monbijoupark',
    'Monbijouplatz 8, 10178 Berlin',
    'A central public court near the Spree and Museum Island. Parkinspector lists one court here. The playing surface is well-kept sand. It has a fixed net and no boundary lines.',
    'free',
    52.52284885581503,
    13.397861773560317,
    NULL,
    'Public access',
    'https://www.tip-berlin.de/lifestyle/sport/beachvolleyball-felder-berlin/',
    'https://parkinspector.de/api/?files&file=e060c6d1c0f4cb8a0d456a15459dc57b55b94071--Bild1_cut-mini.jpg&width=1600',
    'https://www.berlin.de/',
    'https://goo.gl/maps/4Vdcso1Rw1tDP5MaA',
    1,
    0,
    1,
    'public',
    'outdoor',
    'Outdoor public courts, weather/daylight dependent.',
    '{"surface":"well-kept sand","equipment":["fixed net","no boundary lines"],"playerLevel":"casual players","areaNotes":["Positive: high demand"],"parkInspectorScore":60}',
    '["public park","free access","near Spree","near food and cafes","public outdoor court","basketball nearby","calisthenics nearby"]',
    '[{"url":"https://parkinspector.de/api/?files&file=e060c6d1c0f4cb8a0d456a15459dc57b55b94071--Bild1_cut-mini.jpg&width=1600","sourceUrl":"https://parkinspector.de/parks/Beachen/Monbijoupark/33","credit":"Parkinspector","license":"Permission required; no reusable license found during research","rightsStatus":"requires_permission"},{"url":"https://parkinspector.de/api/?files&file=2331c43b49f94764d180f9ccbd6a111d090d4333--Bild3_cut-min.jpg&width=1600","sourceUrl":"https://parkinspector.de/parks/Beachen/Monbijoupark/33","credit":"Parkinspector","license":"Permission required; no reusable license found during research","rightsStatus":"requires_permission"}]',
    '["https://www.tip-berlin.de/lifestyle/sport/beachvolleyball-felder-berlin/","https://parkinspector.de/parks/Beachen/Monbijoupark/33"]',
    'Merged Parkinspector Monbijoupark (33) into the existing canonical venue record.',
    '2026-04-24T00:00:00.000Z',
    '2026-04-24T00:00:00.000Z'
  ),
  (
    'venue-neues-ufer',
    'Neues Ufer',
    'Kaiserin-Augusta-Allee 101, 10553 Berlin',
    'A public outdoor beach volleyball spot in Moabit. Parkinspector lists one court here. The playing surface is decent sand. It has no boundary lines.',
    'free',
    52.52518506502879,
    13.319186743298255,
    NULL,
    'Public access',
    'https://parkinspector.de/parks/Beachen/Neues-Ufer/136',
    'https://parkinspector.de/api/?files&file=61febbb2d57bff3a5e6c80c502040011357247a0--Bild1_cut-mini.jpg&width=1600',
    'https://parkinspector.de/parks/Beachen/Neues-Ufer/136',
    'https://goo.gl/maps/sPTvCDGsik2hkZwy5',
    1,
    0,
    1,
    'public',
    'outdoor',
    'Outdoor public/community spot, weather/daylight dependent.',
    '{"surface":"decent sand","equipment":["no boundary lines"],"playerLevel":"very few players","areaNotes":[],"parkInspectorScore":31}',
    '["public outdoor court","no net, no boundary lines"]',
    '[{"url":"https://parkinspector.de/api/?files&file=61febbb2d57bff3a5e6c80c502040011357247a0--Bild1_cut-mini.jpg&width=1600","sourceUrl":"https://parkinspector.de/parks/Beachen/Neues-Ufer/136","credit":"Parkinspector","license":"Permission required; no reusable license found during research","rightsStatus":"requires_permission"},{"url":"https://parkinspector.de/api/?files&file=0ecc53fd4840be0ce3dee821fd40a72411dc578e--Bild3a_cut-min.jpg&width=1600","sourceUrl":"https://parkinspector.de/parks/Beachen/Neues-Ufer/136","credit":"Parkinspector","license":"Permission required; no reusable license found during research","rightsStatus":"requires_permission"}]',
    '["https://parkinspector.de/parks/Beachen/Neues-Ufer/136"]',
    NULL,
    '2026-04-24T00:00:00.000Z',
    '2026-04-24T00:00:00.000Z'
  ),
  (
    'venue-esswirtschaft-adlershof',
    'Newtonstraße',
    'Newtonstraße, 12489 Berlin',
    'A public outdoor beach volleyball spot in Adlershof. Parkinspector lists one court here. The playing surface is well-kept sand. It has a fixed net and no boundary lines.',
    'free',
    52.43199550542794,
    13.531462709923614,
    NULL,
    'Public access',
    'https://www.beachup.app/de/beachvolleyballplaetze/deutschland/berlin/',
    'https://parkinspector.de/api/?files&file=d3a3d997ddf5ae5f5d0c99064eef3b0abcdf89e5--Bild2_cut-mini.jpg&width=1600',
    'https://parkinspector.de/parks/Beachen/Newtonstrasse/55',
    'https://goo.gl/maps/yS6TRi9ajMo2GPnc7',
    1,
    0,
    1,
    'public',
    'outdoor',
    'Outdoor public/community court, weather/daylight dependent.',
    '{"surface":"well-kept sand","equipment":["fixed net","no boundary lines"],"playerLevel":"casual players","areaNotes":[],"parkInspectorScore":41}',
    '["basketball nearby","table tennis nearby","food nearby","public outdoor court"]',
    '[{"url":"https://parkinspector.de/api/?files&file=d3a3d997ddf5ae5f5d0c99064eef3b0abcdf89e5--Bild2_cut-mini.jpg&width=1600","sourceUrl":"https://parkinspector.de/parks/Beachen/Newtonstrasse/55","credit":"Parkinspector","license":"Permission required; no reusable license found during research","rightsStatus":"requires_permission"},{"url":"https://parkinspector.de/api/?files&file=52bccf848f5b6ada5743885359db2181800438b9--Bild3_cut-min.jpg&width=1600","sourceUrl":"https://parkinspector.de/parks/Beachen/Newtonstrasse/55","credit":"Parkinspector","license":"Permission required; no reusable license found during research","rightsStatus":"requires_permission"}]',
    '["https://www.beachup.app/de/beachvolleyballplaetze/deutschland/berlin/","https://parkinspector.de/parks/Beachen/Newtonstrasse/55"]',
    'Merged Parkinspector Newtonstraße (55) into the existing canonical venue record.',
    '2026-04-24T00:00:00.000Z',
    '2026-04-24T00:00:00.000Z'
  ),
  (
    'venue-park-am-buschkrug',
    'Park am Buschkrug',
    'Buschkrugallee 110, 12359 Berlin',
    'A public outdoor beach volleyball spot in Britz. Parkinspector lists one court here. The playing surface is well-kept sand. It has a fixed net and no boundary lines.',
    'free',
    52.45408271796409,
    13.450465246876874,
    NULL,
    'Public access',
    'https://parkinspector.de/parks/Beachen/Park-am-Buschkrug/474',
    'https://parkinspector.de/api/?files&file=b76f822f4b3253ecdd1fad3c4bee7d2071e742ff--Bild1_cut-min.jpg&width=1600',
    'https://parkinspector.de/parks/Beachen/Park-am-Buschkrug/474',
    'https://goo.gl/maps/B3Jso8XLGpJt6Ev99',
    1,
    0,
    1,
    'public',
    'outdoor',
    'Outdoor public/community spot, weather/daylight dependent.',
    '{"surface":"well-kept sand","equipment":["fixed net","no boundary lines"],"playerLevel":"very few players","areaNotes":[],"parkInspectorScore":25}',
    '["public outdoor court"]',
    '[{"url":"https://parkinspector.de/api/?files&file=b76f822f4b3253ecdd1fad3c4bee7d2071e742ff--Bild1_cut-min.jpg&width=1600","sourceUrl":"https://parkinspector.de/parks/Beachen/Park-am-Buschkrug/474","credit":"Parkinspector","license":"Permission required; no reusable license found during research","rightsStatus":"requires_permission"},{"url":"https://parkinspector.de/api/?files&file=ef41307011d4906bbd289434ecb3aaa8b7486a9a--a.jpg&width=1600","sourceUrl":"https://parkinspector.de/parks/Beachen/Park-am-Buschkrug/474","credit":"Parkinspector","license":"Permission required; no reusable license found during research","rightsStatus":"requires_permission"}]',
    '["https://parkinspector.de/parks/Beachen/Park-am-Buschkrug/474"]',
    NULL,
    '2026-04-24T00:00:00.000Z',
    '2026-04-24T00:00:00.000Z'
  ),
  (
    'venue-park-trilogie',
    'Park-Trilogie',
    'Frohburger Str., 12627 Berlin',
    'A quiet single court in the Park-Trilogie green space. Parkinspector lists one court here. The playing surface is decent sand. It has a fixed net and no boundary lines.',
    'free',
    52.53015302376689,
    13.617502248418532,
    NULL,
    'Public access',
    'https://parkinspector.de/parks/Beachen/Parktrilogie/843',
    'https://parkinspector.de/api/?files&file=519993f488ee24b9024216d8fa61e1f3ec0fa131--bild1_trilogie.jpg&width=1600',
    'https://parkinspector.de/parks/Beachen/Parktrilogie/843',
    'https://maps.app.goo.gl/uUgQTyHCywPxFnWN7',
    1,
    0,
    1,
    'public',
    'outdoor',
    'Outdoor public/community spot, weather/daylight dependent.',
    '{"surface":"decent sand","equipment":["fixed net","no boundary lines"],"playerLevel":"very few players","areaNotes":["Watch out: no benches"],"parkInspectorScore":29}',
    '["public outdoor court","basketball nearby"]',
    '[{"url":"https://parkinspector.de/api/?files&file=519993f488ee24b9024216d8fa61e1f3ec0fa131--bild1_trilogie.jpg&width=1600","sourceUrl":"https://parkinspector.de/parks/Beachen/Parktrilogie/843","credit":"Parkinspector","license":"Permission required; no reusable license found during research","rightsStatus":"requires_permission"},{"url":"https://parkinspector.de/api/?files&file=027b0bf5f390bbca7f7cc1075dc8e098423dbec9--a.jpg&width=1600","sourceUrl":"https://parkinspector.de/parks/Beachen/Parktrilogie/843","credit":"Parkinspector","license":"Permission required; no reusable license found during research","rightsStatus":"requires_permission"}]',
    '["https://parkinspector.de/parks/Beachen/Parktrilogie/843"]',
    NULL,
    '2026-04-24T00:00:00.000Z',
    '2026-04-24T00:00:00.000Z'
  ),
  (
    'venue-poststadion',
    'Poststadion',
    'Lehrter Straße, 10557 Berlin',
    'A public outdoor beach volleyball spot in Moabit. Parkinspector lists one court here. The playing surface is well-kept sand. It has no boundary lines.',
    'free',
    52.52955979577257,
    13.361628311657215,
    NULL,
    'Public access',
    'https://parkinspector.de/parks/Beachen/Poststadion/178',
    'https://parkinspector.de/api/?files&file=afe28525e4d5fe6fac0a3884fcf1b725a611d596--20260313_160351.jpg&width=1600',
    'https://parkinspector.de/parks/Beachen/Poststadion/178',
    'https://goo.gl/maps/cGUUvAbLuCXWJkSYA',
    1,
    0,
    1,
    'public',
    'outdoor',
    'Outdoor public/community spot, weather/daylight dependent.',
    '{"surface":"well-kept sand","equipment":["no boundary lines"],"playerLevel":"few players","areaNotes":[],"parkInspectorScore":39}',
    '["public outdoor court","net posts, no boundary lines"]',
    '[{"url":"https://parkinspector.de/api/?files&file=afe28525e4d5fe6fac0a3884fcf1b725a611d596--20260313_160351.jpg&width=1600","sourceUrl":"https://parkinspector.de/parks/Beachen/Poststadion/178","credit":"Parkinspector","license":"Permission required; no reusable license found during research","rightsStatus":"requires_permission"},{"url":"https://parkinspector.de/api/?files&file=39ce1d62d5a2c2af6f1dd20ce0a794cbcd8f594d--a.jpg&width=1600","sourceUrl":"https://parkinspector.de/parks/Beachen/Poststadion/178","credit":"Parkinspector","license":"Permission required; no reusable license found during research","rightsStatus":"requires_permission"}]',
    '["https://parkinspector.de/parks/Beachen/Poststadion/178"]',
    NULL,
    '2026-04-24T00:00:00.000Z',
    '2026-04-24T00:00:00.000Z'
  ),
  (
    'venue-schendelpark',
    'Schendelpark',
    'Alte Schönhauser Str. 7-8, 10119 Berlin',
    'A tucked-away Mitte court in Schendelpark, close to cafes and hostels. Parkinspector lists one court here. The playing surface is well-kept sand. It has a fixed net and no boundary lines.',
    'free',
    52.527272718257024,
    13.408507427646589,
    NULL,
    'Public access',
    'https://www.tip-berlin.de/lifestyle/sport/beachvolleyball-felder-berlin/',
    'https://parkinspector.de/api/?files&file=ab3e1bf4e84a337fefae783e59b4790b41099b1e--Bild1_cut-mini.jpg&width=1600',
    'https://www.berlin.de/',
    'https://goo.gl/maps/Zr9egNBwQrePr5yk7',
    1,
    0,
    1,
    'public',
    'outdoor',
    'Outdoor public court, weather/daylight dependent.',
    '{"surface":"well-kept sand","equipment":["fixed net","no boundary lines"],"playerLevel":"casual players","areaNotes":["Positive: high demand","Watch out: narrow net"],"parkInspectorScore":55}',
    '["public park","free access","net and posts reported available","near restaurants","public outdoor court"]',
    '[{"url":"https://parkinspector.de/api/?files&file=ab3e1bf4e84a337fefae783e59b4790b41099b1e--Bild1_cut-mini.jpg&width=1600","sourceUrl":"https://parkinspector.de/parks/Beachen/Schendelpark/31","credit":"Parkinspector","license":"Permission required; no reusable license found during research","rightsStatus":"requires_permission"},{"url":"https://parkinspector.de/api/?files&file=197f181085cbac7a758092c3c929e31fe8d0fe9b--Bild3-min.jpg&width=1600","sourceUrl":"https://parkinspector.de/parks/Beachen/Schendelpark/31","credit":"Parkinspector","license":"Permission required; no reusable license found during research","rightsStatus":"requires_permission"}]',
    '["https://www.tip-berlin.de/lifestyle/sport/beachvolleyball-felder-berlin/","https://parkinspector.de/parks/Beachen/Schendelpark/31"]',
    'Merged Parkinspector Schendelpark (31) into the existing canonical venue record.',
    '2026-04-24T00:00:00.000Z',
    '2026-04-24T00:00:00.000Z'
  ),
  (
    'venue-schreinerstrasse',
    'Schreinerstraße 46',
    'Schreinerstraße 46, 10247 Berlin',
    'A lovingly kept neighborhood sport area around Schreinerstraße. Parkinspector lists one court here. The playing surface is well-kept sand. It has a fixed net and no boundary lines.',
    'free',
    52.51706379902465,
    13.467730261512441,
    NULL,
    'Public access',
    'https://www.tip-berlin.de/lifestyle/sport/beachvolleyball-felder-berlin/',
    'https://parkinspector.de/api/?files&file=c75d1949daba3c4e6e6d95bb0ffa276a5766f069--Bild2_cut-mini.jpg&width=1600',
    'https://www.berlin.de/',
    'https://goo.gl/maps/hSqBjFLGz73qbBUv8',
    1,
    0,
    1,
    'public',
    'outdoor',
    'Outdoor public court, weather/daylight dependent.',
    '{"surface":"well-kept sand","equipment":["fixed net","no boundary lines"],"playerLevel":"stronger regular players","areaNotes":[],"parkInspectorScore":55}',
    '["public playground","free access","table tennis","seating","public outdoor court","posted opening hours","basketball nearby"]',
    '[{"url":"https://parkinspector.de/api/?files&file=c75d1949daba3c4e6e6d95bb0ffa276a5766f069--Bild2_cut-mini.jpg&width=1600","sourceUrl":"https://parkinspector.de/parks/Beachen/Schreinerstrasse-46/77","credit":"Parkinspector","license":"Permission required; no reusable license found during research","rightsStatus":"requires_permission"},{"url":"https://parkinspector.de/api/?files&file=caa2d926a8c9e240fee79f9921483ba2395edd97--Schreinerstra%C3%9Fe%2046-min.jpg&width=1600","sourceUrl":"https://parkinspector.de/parks/Beachen/Schreinerstrasse-46/77","credit":"Parkinspector","license":"Permission required; no reusable license found during research","rightsStatus":"requires_permission"}]',
    '["https://www.tip-berlin.de/lifestyle/sport/beachvolleyball-felder-berlin/","https://parkinspector.de/parks/Beachen/Schreinerstrasse-46/77"]',
    'Merged Parkinspector Schreinerstraße 46 (77) into the existing canonical venue record.',
    '2026-04-24T00:00:00.000Z',
    '2026-04-24T00:00:00.000Z'
  ),
  (
    'venue-strandbad-muggelsee',
    'Strandbad Müggelsee',
    'Fürstenwalder Damm 838, 12589 Berlin',
    'A public outdoor beach volleyball spot in Rahnsdorf. Parkinspector lists 3 courts here. The playing surface is well-kept sand. It has no nets and no boundary lines.',
    'free',
    52.44750169867551,
    13.67506889227422,
    NULL,
    'Daily 09:00-21:00',
    'https://parkinspector.de/parks/Beachen/Strandbad-Mueggelsee/185',
    'https://parkinspector.de/api/?files&file=ee841c7ccd9dc2407a8f44cd9f8d22802a8a724d--Bild1_cut-min.jpg&width=1600',
    'https://parkinspector.de/parks/Beachen/Strandbad-Mueggelsee/185',
    'https://goo.gl/maps/Ep5NYFxy8HKhBGve9',
    3,
    0,
    3,
    'public',
    'outdoor',
    'Outdoor public/community spot, weather/daylight dependent.',
    '{"surface":"well-kept sand","equipment":["no nets","no boundary lines"],"playerLevel":"stronger regular players","areaNotes":["Positive: many players, Gepflegtes, Seebad"],"parkInspectorScore":61}',
    '["public outdoor court","bathing lake","showers","toilets","posted opening hours","water nearby"]',
    '[{"url":"https://parkinspector.de/api/?files&file=ee841c7ccd9dc2407a8f44cd9f8d22802a8a724d--Bild1_cut-min.jpg&width=1600","sourceUrl":"https://parkinspector.de/parks/Beachen/Strandbad-Mueggelsee/185","credit":"Parkinspector","license":"Permission required; no reusable license found during research","rightsStatus":"requires_permission"},{"url":"https://parkinspector.de/api/?files&file=09535256df64ea9ed49f4496cfcdeb6025605ab5--a.jpg&width=1600","sourceUrl":"https://parkinspector.de/parks/Beachen/Strandbad-Mueggelsee/185","credit":"Parkinspector","license":"Permission required; no reusable license found during research","rightsStatus":"requires_permission"}]',
    '["https://parkinspector.de/parks/Beachen/Strandbad-Mueggelsee/185"]',
    NULL,
    '2026-04-24T00:00:00.000Z',
    '2026-04-24T00:00:00.000Z'
  ),
  (
    'venue-vfl-tegel',
    'VfL Tegel',
    'Hatzfeldtallee 29, 13509 Berlin',
    'A large raised court behind the VfL Tegel clubhouse. Parkinspector lists one court here. The playing surface is well-kept sand. It has a fixed net and no boundary lines.',
    'free',
    52.593818636745596,
    13.294753460031927,
    NULL,
    'Daily 10:00-22:00',
    'https://parkinspector.de/parks/Beachen/Vfl-Tegel/998',
    'https://parkinspector.de/api/?files&file=908c11cacc66cc19162e55a1f6e7a2bcce1a3024--20260318_152643.jpg&width=1600',
    'https://parkinspector.de/parks/Beachen/Vfl-Tegel/998',
    'https://maps.app.goo.gl/JE2fVwH95zqsEk516',
    1,
    0,
    1,
    'mixed',
    'outdoor',
    'Outdoor public/community spot, weather/daylight dependent.',
    '{"surface":"well-kept sand","equipment":["fixed net","no boundary lines"],"playerLevel":"casual players","areaNotes":["Positive: Sehr, guter, Zustand,, Gepolstertes, Netz","Watch out: Öffnungszeiten"],"parkInspectorScore":48}',
    '["public outdoor court","club grounds","posted opening hours","basketball nearby","calisthenics nearby"]',
    '[{"url":"https://parkinspector.de/api/?files&file=908c11cacc66cc19162e55a1f6e7a2bcce1a3024--20260318_152643.jpg&width=1600","sourceUrl":"https://parkinspector.de/parks/Beachen/Vfl-Tegel/998","credit":"Parkinspector","license":"Permission required; no reusable license found during research","rightsStatus":"requires_permission"}]',
    '["https://parkinspector.de/parks/Beachen/Vfl-Tegel/998"]',
    NULL,
    '2026-04-24T00:00:00.000Z',
    '2026-04-24T00:00:00.000Z'
  ),
  (
    'venue-vinetaplatz',
    'Vinetaplatz',
    'Wolliner Str. 39, 13355 Berlin',
    'A large fenced public court near Vinetaplatz. Parkinspector lists one court here. The playing surface is well-kept sand. It has a fixed net and no boundary lines.',
    'free',
    52.541472915951566,
    13.399969719065918,
    NULL,
    'Daily 08:00-21:00',
    'https://parkinspector.de/parks/Beachen/Vinetaplatz/101',
    'https://parkinspector.de/api/?files&file=b33d757dfac70233c8fe16cd10325e875083e1bc--Bild1-min.jpg&width=1600',
    'https://parkinspector.de/parks/Beachen/Vinetaplatz/101',
    'https://goo.gl/maps/6SndbMtTcTa56eSz8',
    1,
    0,
    1,
    'public',
    'outdoor',
    'Outdoor public/community spot, weather/daylight dependent.',
    '{"surface":"well-kept sand","equipment":["fixed net","no boundary lines"],"playerLevel":"casual players","areaNotes":["Positive: many players, sheltered from wind"],"parkInspectorScore":49}',
    '["public outdoor court","posted opening hours","basketball nearby"]',
    '[{"url":"https://parkinspector.de/api/?files&file=b33d757dfac70233c8fe16cd10325e875083e1bc--Bild1-min.jpg&width=1600","sourceUrl":"https://parkinspector.de/parks/Beachen/Vinetaplatz/101","credit":"Parkinspector","license":"Permission required; no reusable license found during research","rightsStatus":"requires_permission"},{"url":"https://parkinspector.de/api/?files&file=13ffd851a12a3c31cec7c4d5809543e4c10c3eff--q.jpg&width=1600","sourceUrl":"https://parkinspector.de/parks/Beachen/Vinetaplatz/101","credit":"Parkinspector","license":"Permission required; no reusable license found during research","rightsStatus":"requires_permission"}]',
    '["https://parkinspector.de/parks/Beachen/Vinetaplatz/101"]',
    NULL,
    '2026-04-24T00:00:00.000Z',
    '2026-04-24T00:00:00.000Z'
  ),
  (
    'venue-volkspark-friedrichshain',
    'Volkspark Friedrichshain',
    'Margarete-Sommer-Straße, 10249 Berlin',
    'One of Berlin’s biggest free beach volleyball spots, with room for several courts. Parkinspector lists 7 courts here. The playing surface is well-kept sand. It has no nets and boundary lines.',
    'free',
    52.52928312481538,
    13.44352272344176,
    NULL,
    'Public access',
    'https://www.tip-berlin.de/lifestyle/sport/beachvolleyball-felder-berlin/',
    'https://commons.wikimedia.org/wiki/Special:Redirect/file/Volleyball_im_VF_01.jpg',
    'https://www.berlin.de/',
    'https://goo.gl/maps/4McoRng6xm9C4tTo8',
    7,
    0,
    7,
    'public',
    'outdoor',
    'Outdoor public play; usable in good weather and daylight. Bring all equipment.',
    '{"surface":"well-kept sand","equipment":["no nets","boundary lines"],"playerLevel":"stronger regular players","areaNotes":["Positive: many players, social atmosphere","Watch out: no nets, no boundary lines"],"parkInspectorScore":78}',
    '["public park","free access","bring own net","bring own posts","near kiosk","no floodlights","public outdoor court","skatepark nearby"]',
    '[{"url":"https://commons.wikimedia.org/wiki/Special:Redirect/file/Volleyball_im_VF_01.jpg","sourceUrl":"https://commons.wikimedia.org/wiki/File:Volleyball_im_VF_01.jpg","credit":"Wikimedia Commons contributor","license":"Check file page before production use","rightsStatus":"requires_permission"},{"url":"https://commons.wikimedia.org/wiki/Special:Redirect/file/Volleyball_im_VF_02.jpg","sourceUrl":"https://commons.wikimedia.org/wiki/File:Volleyball_im_VF_02.jpg","credit":"Wikimedia Commons contributor","license":"Check file page before production use","rightsStatus":"requires_permission"},{"url":"https://parkinspector.de/api/?files&file=d218690f885108323418ab39577506e4dd03fd07--20200702_190757.jpg&width=1600","sourceUrl":"https://parkinspector.de/parks/Beachen/Volkspark-Friedrichshain/26","credit":"Parkinspector","license":"Permission required; no reusable license found during research","rightsStatus":"requires_permission"},{"url":"https://parkinspector.de/api/?files&file=c15abb10ae7bd1648aea469b66e942c9aa83ad51--Volkspark%20Friedrichshain-min.jpg&width=1600","sourceUrl":"https://parkinspector.de/parks/Beachen/Volkspark-Friedrichshain/26","credit":"Parkinspector","license":"Permission required; no reusable license found during research","rightsStatus":"requires_permission"}]',
    '["https://www.tip-berlin.de/lifestyle/sport/beachvolleyball-felder-berlin/","https://berlin-beachvolleyball.de/beachvolleyball-berlin/","https://berlin-beachvolleyball.de/en/volkspark-friedrichshain-6-courts-free-but-only-with-your-own-equipment/","https://parkinspector.de/parks/Beachen/Volkspark-Friedrichshain/26"]',
    'Merged Parkinspector Volkspark Friedrichshain (26) into the existing canonical venue record.',
    '2026-04-24T00:00:00.000Z',
    '2026-04-24T00:00:00.000Z'
  ),
  (
    'venue-volkspark-jungfernheide',
    'Volkspark Jungfernheide',
    'Volkspark Jungfernheide, 13629 Berlin',
    'Two free public sand courts near the Jungfernheide lido area. Parkinspector lists 2 courts here. The playing surface is well-kept sand. It has a fixed net and no boundary lines.',
    'free',
    52.543725996267746,
    13.28370924232795,
    NULL,
    'Public access',
    'https://parkinspector.de/parks/Beachen/Volkspark-Jungfernheide/505',
    'https://parkinspector.de/api/?files&file=cb84f56da362be991b591c4238e322cf680317bd--Bild2_cut-min.jpg&width=1600',
    'https://parkinspector.de/parks/Beachen/Volkspark-Jungfernheide/505',
    'https://goo.gl/maps/irU7gzpf5S3v3ont5',
    2,
    0,
    2,
    'public',
    'outdoor',
    'Outdoor public courts, weather/daylight dependent; Parkinspector notes the free beach area is used year-round.',
    '{"surface":"well-kept sand","equipment":["fixed net","no boundary lines"],"playerLevel":"casual players","areaNotes":[],"parkInspectorScore":51}',
    '["public park","free access","fixed nets","no lines","badesee nearby","lido nearby","public outdoor court","bathing lake","water nearby"]',
    '[{"url":"https://parkinspector.de/api/?files&file=cb84f56da362be991b591c4238e322cf680317bd--Bild2_cut-min.jpg&width=1600","sourceUrl":"https://parkinspector.de/parks/Beachen/Volkspark-Jungfernheide/505","credit":"Parkinspector","license":"Permission required; no reusable license found during research","rightsStatus":"requires_permission"},{"url":"https://parkinspector.de/api/?files&file=a3a507d2de4712acd0d10486f8e79da157f78b85--a1.jpg&width=1600","sourceUrl":"https://parkinspector.de/parks/Beachen/Volkspark-Jungfernheide/505","credit":"Parkinspector","license":"Permission required; no reusable license found during research","rightsStatus":"requires_permission"}]',
    '["https://parkinspector.de/parks/Beachen/Volkspark-Jungfernheide/505"]',
    'Kept separate from Strandbad Jungfernheide because the Strandbad entry is a paid/bookable lido court offer, while this Parkinspector record describes the free public Volkspark Jungfernheide beach spot. Merged Parkinspector Volkspark Jungfernheide (505) into the existing canonical venue record.',
    '2026-04-24T00:00:00.000Z',
    '2026-04-24T00:00:00.000Z'
  ),
  (
    'venue-wiesenpark-wuhle',
    'Wiesenpark (Wuhle)',
    'Kyritzer Str. 35, 12629 Berlin',
    'A public outdoor beach volleyball spot in Hellersdorf. Parkinspector lists one court here. The playing surface is decent sand. It has a fixed net and no boundary lines.',
    'free',
    52.54275229035617,
    13.583697516563172,
    NULL,
    'Public access',
    'https://parkinspector.de/parks/Beachen/Wiesenpark-Wuhle/887',
    'https://parkinspector.de/api/?files&file=3231563c7546b1e20ca2b79c8f0ee2f78c54af64--20250412_175721.jpg&width=1600',
    'https://parkinspector.de/parks/Beachen/Wiesenpark-Wuhle/887',
    'https://maps.app.goo.gl/MBFgw6cH5a9uHC4s9',
    1,
    0,
    1,
    'public',
    'outdoor',
    'Outdoor public/community spot, weather/daylight dependent.',
    '{"surface":"decent sand","equipment":["fixed net","no boundary lines"],"playerLevel":"very few players","areaNotes":["Watch out: narrow court"],"parkInspectorScore":28}',
    '["public outdoor court","basketball nearby","skatepark nearby"]',
    '[{"url":"https://parkinspector.de/api/?files&file=3231563c7546b1e20ca2b79c8f0ee2f78c54af64--20250412_175721.jpg&width=1600","sourceUrl":"https://parkinspector.de/parks/Beachen/Wiesenpark-Wuhle/887","credit":"Parkinspector","license":"Permission required; no reusable license found during research","rightsStatus":"requires_permission"}]',
    '["https://parkinspector.de/parks/Beachen/Wiesenpark-Wuhle/887"]',
    NULL,
    '2026-04-24T00:00:00.000Z',
    '2026-04-24T00:00:00.000Z'
  );


INSERT OR REPLACE INTO users (
  id,
  email,
  password_hash,
  display_name,
  bio,
  home_area,
  avatar_url,
  is_profile_public,
  show_email_publicly,
  created_at,
  updated_at
) VALUES (
  '1fd5f6bf-6276-41d2-95da-56e255a5f4de',
  'demo@melonmeet.local',
  'pbkdf2$210000$Q3-MvetF2mKTwrmSDqSQRg$xwqyjaDE65Ko4B3SySaWG4W7Vi8HH2RSVmFFAfXgoLQ',
  'Melon Demo',
  'Weekend organiser for beach volleyball and mixed outdoor game sessions.',
  'Berlin Mitte',
  NULL,
  1,
  0,
  '2026-04-03T00:00:00.000Z',
  '2026-04-03T00:00:00.000Z'
);

INSERT OR REPLACE INTO app_groups (
  id,
  owner_user_id,
  name,
  slug,
  description,
  visibility,
  activity_label,
  messenger_url,
  hero_image_url,
  created_at,
  updated_at
) VALUES
  (
    'f4c53ec1-3794-45f7-b6af-9a4f226e3bfd',
    '1fd5f6bf-6276-41d2-95da-56e255a5f4de',
    'Berlin Sunset Volley',
    'berlin-sunset-volley',
    'Open beach volleyball meetups around central Berlin courts with a friendly drop-in vibe.',
    'public',
    'Beach volleyball',
    'https://t.me/melonmeet_sunset',
    'https://images.unsplash.com/photo-1508615070457-7baeba4003ab?auto=format&fit=crop&w=1600&q=80',
    '2026-04-03T00:00:00.000Z',
    '2026-04-03T00:00:00.000Z'
  ),
  (
    '8f96eb6d-918a-4f72-a50c-476fdc8c8325',
    '1fd5f6bf-6276-41d2-95da-56e255a5f4de',
    'Morning Sand Crew',
    'morning-sand-crew',
    'Private early-morning crew that rotates through quieter Berlin sand courts.',
    'private',
    'Beach volleyball',
    'https://chat.whatsapp.com/example-morning-sand',
    'https://images.unsplash.com/photo-1526232761682-d26e03ac148e?auto=format&fit=crop&w=1600&q=80',
    '2026-04-03T00:00:00.000Z',
    '2026-04-03T00:00:00.000Z'
  ),
  (
    '61c8cf46-c3fe-4d42-8fab-5fd1e6b15731',
    '1fd5f6bf-6276-41d2-95da-56e255a5f4de',
    'Open City Sand Sessions',
    'open-city-sand-sessions',
    'Public pick-up group for weekday evening sessions across free and paid Berlin courts.',
    'public',
    'Mixed play',
    'https://t.me/melonmeet_open_city',
    'https://images.unsplash.com/photo-1517649763962-0c623066013b?auto=format&fit=crop&w=1600&q=80',
    '2026-04-03T00:00:00.000Z',
    '2026-04-03T00:00:00.000Z'
  );

INSERT OR REPLACE INTO app_group_members (
  id,
  group_id,
  user_id,
  role,
  created_at
) VALUES
  (
    'd6bf1a5f-4185-4dd8-a6a4-df72462c1b85',
    'f4c53ec1-3794-45f7-b6af-9a4f226e3bfd',
    '1fd5f6bf-6276-41d2-95da-56e255a5f4de',
    'owner',
    '2026-04-03T00:00:00.000Z'
  ),
  (
    '13477945-bb69-44aa-bd0b-149c21a6bd23',
    '8f96eb6d-918a-4f72-a50c-476fdc8c8325',
    '1fd5f6bf-6276-41d2-95da-56e255a5f4de',
    'owner',
    '2026-04-03T00:00:00.000Z'
  ),
  (
    'e89760d3-62c6-495b-b7f3-ea6fcb80b2a2',
    '61c8cf46-c3fe-4d42-8fab-5fd1e6b15731',
    '1fd5f6bf-6276-41d2-95da-56e255a5f4de',
    'owner',
    '2026-04-03T00:00:00.000Z'
  );

INSERT OR REPLACE INTO group_posts (
  id,
  group_id,
  author_user_id,
  content,
  created_at
) VALUES
  (
    'b95b0558-7e8f-48f1-95e7-8773f1b6335a',
    'f4c53ec1-3794-45f7-b6af-9a4f226e3bfd',
    '1fd5f6bf-6276-41d2-95da-56e255a5f4de',
    'Demo group is ready. Feel free to sign in with demo@melonmeet.local / demo12345 and explore the flows.',
    '2026-04-03T00:00:00.000Z'
  ),
  (
    'f8941d82-12b8-4db8-b5b8-dce25fb16306',
    '61c8cf46-c3fe-4d42-8fab-5fd1e6b15731',
    '1fd5f6bf-6276-41d2-95da-56e255a5f4de',
    'Added a second public mock group so the timeline stays lively even before you join anything.',
    '2026-04-03T00:00:00.000Z'
  );

INSERT OR REPLACE INTO meeting_series (
  id,
  group_id,
  owner_user_id,
  short_name,
  title,
  description,
  activity_label,
  hero_image_url,
  venue_id,
  location_name,
  location_address,
  latitude,
  longitude,
  pricing,
  cost_per_person,
  capacity,
  timezone,
  weekday,
  start_time_local,
  duration_minutes,
  start_date,
  until_date,
  status,
  created_at,
  updated_at
) VALUES (
  '327968c9-f264-4f16-83b9-a6759c3f4a83',
  'f4c53ec1-3794-45f7-b6af-9a4f226e3bfd',
  '1fd5f6bf-6276-41d2-95da-56e255a5f4de',
  'Sunset Session',
  'Sunset Session at BeachMitte',
  'Weekly after-work beach volleyball session for intermediate players who want steady games and a social hang afterwards.',
  'Beach volleyball',
  'https://images.unsplash.com/photo-1517649763962-0c623066013b?auto=format&fit=crop&w=1600&q=80',
  'venue-beachmitte',
  'BeachMitte',
  'Caroline-Michaelis-Str. 8, 10115 Berlin',
  52.5360,
  13.3924,
  'paid',
  8,
  16,
  'Europe/Berlin',
  4,
  '18:30',
  90,
  '2026-04-10',
  NULL,
  'active',
  '2026-04-03T00:00:00.000Z',
  '2026-04-03T00:00:00.000Z'
);

INSERT OR REPLACE INTO meetings (
  id,
  group_id,
  owner_user_id,
  series_id,
  short_name,
  title,
  description,
  activity_label,
  hero_image_url,
  venue_id,
  location_name,
  location_address,
  latitude,
  longitude,
  pricing,
  cost_per_person,
  capacity,
  starts_at,
  ends_at,
  occurrence_date,
  status,
  created_at,
  updated_at
) VALUES
  (
    '9ed4bd47-af0b-4f54-a061-7eb5af6fef87',
    'f4c53ec1-3794-45f7-b6af-9a4f226e3bfd',
    '1fd5f6bf-6276-41d2-95da-56e255a5f4de',
    NULL,
    'Mitte Mixer',
    'Saturday Mixer at Monbijoupark',
    'Casual mixed-level pickup on the free city courts. Bring water and be ready to rotate in.',
    'Beach volleyball',
    'https://images.unsplash.com/photo-1508615070457-7baeba4003ab?auto=format&fit=crop&w=1600&q=80',
    'venue-monbijoupark',
    'Monbijoupark Courts',
    'Monbijouplatz, 10178 Berlin',
    52.5233,
    13.3994,
    'free',
    NULL,
    12,
    '2026-04-18T10:00:00.000Z',
    '2026-04-18T12:00:00.000Z',
    '2026-04-18',
    'active',
    '2026-04-03T00:00:00.000Z',
    '2026-04-03T00:00:00.000Z'
  ),
  (
    'f7c5fd75-4521-48c8-b794-61e1de7caad1',
    '8f96eb6d-918a-4f72-a50c-476fdc8c8325',
    '1fd5f6bf-6276-41d2-95da-56e255a5f4de',
    NULL,
    'Dawn Drill',
    'Morning Sand Crew Training',
    'Invite-only early session focused on serve receive and transition reps.',
    'Beach volleyball',
    'https://images.unsplash.com/photo-1526232761682-d26e03ac148e?auto=format&fit=crop&w=1600&q=80',
    'venue-east61',
    'East61',
    'Wilhelm-Kabus-Str. 42, 10829 Berlin',
    52.4818,
    13.3669,
    'paid',
    6,
    8,
    '2026-04-19T06:30:00.000Z',
    '2026-04-19T08:00:00.000Z',
    '2026-04-19',
    'active',
    '2026-04-03T00:00:00.000Z',
    '2026-04-03T00:00:00.000Z'
  ),
  (
    '4eb628df-dc51-49b4-b54d-2fcb85fef4ec',
    '61c8cf46-c3fe-4d42-8fab-5fd1e6b15731',
    '1fd5f6bf-6276-41d2-95da-56e255a5f4de',
    NULL,
    'Park Session',
    'Weekday Open Session in Friedrichshain',
    'Friendly public evening games on the free courts. Good for drop-ins and meeting new players.',
    'Mixed play',
    'https://images.unsplash.com/photo-1493558103817-58b2924bce98?auto=format&fit=crop&w=1600&q=80',
    'venue-volkspark-friedrichshain',
    'Volkspark Friedrichshain Sandbox',
    'Paul-Heyse-Str. 1, 10407 Berlin',
    52.5297,
    13.4415,
    'free',
    NULL,
    14,
    '2026-04-22T17:00:00.000Z',
    '2026-04-22T19:00:00.000Z',
    '2026-04-22',
    'active',
    '2026-04-03T00:00:00.000Z',
    '2026-04-03T00:00:00.000Z'
  ),
  (
    '5db32cc0-7662-4a04-8b3e-c1435f2d640f',
    'f4c53ec1-3794-45f7-b6af-9a4f226e3bfd',
    '1fd5f6bf-6276-41d2-95da-56e255a5f4de',
    '327968c9-f264-4f16-83b9-a6759c3f4a83',
    'Sunset Session',
    'Sunset Session at BeachMitte',
    'Weekly after-work beach volleyball session for intermediate players who want steady games and a social hang afterwards.',
    'Beach volleyball',
    'https://images.unsplash.com/photo-1506744038136-46273834b3fb?auto=format&fit=crop&w=1600&q=80',
    'venue-beachmitte',
    'BeachMitte',
    'Caroline-Michaelis-Str. 8, 10115 Berlin',
    52.5360,
    13.3924,
    'paid',
    10,
    16,
    '2026-04-24T16:30:00.000Z',
    '2026-04-24T18:00:00.000Z',
    '2026-04-24',
    'active',
    '2026-04-03T00:00:00.000Z',
    '2026-04-03T00:00:00.000Z'
  );

INSERT OR REPLACE INTO meeting_claims (
  id,
  meeting_id,
  user_id,
  created_at
) VALUES
  (
    '9d7b79cf-6b93-4c7e-a416-1fd1f9a7f5f2',
    '9ed4bd47-af0b-4f54-a061-7eb5af6fef87',
    '1fd5f6bf-6276-41d2-95da-56e255a5f4de',
    '2026-04-03T00:00:00.000Z'
  ),
  (
    '5307ac25-b155-4bd1-b799-8d340cce93e2',
    '5db32cc0-7662-4a04-8b3e-c1435f2d640f',
    '1fd5f6bf-6276-41d2-95da-56e255a5f4de',
    '2026-04-03T00:00:00.000Z'
  );

INSERT OR REPLACE INTO meeting_posts (
  id,
  meeting_id,
  author_user_id,
  content,
  created_at
) VALUES
  (
    '0887c4b4-4dbc-4a52-90bb-31cf5b604c3d',
    '9ed4bd47-af0b-4f54-a061-7eb5af6fef87',
    '1fd5f6bf-6276-41d2-95da-56e255a5f4de',
    'Weather looks good for Saturday. Bring a light layer in case it cools off after 11.',
    '2026-04-03T00:00:00.000Z'
  ),
  (
    'f54b95d0-0e87-4d34-b20e-6ff4bd8c3fd1',
    '5db32cc0-7662-4a04-8b3e-c1435f2d640f',
    '1fd5f6bf-6276-41d2-95da-56e255a5f4de',
    'Booked two courts. If you are running late, drop a note here so we can plan rotations.',
    '2026-04-03T00:00:00.000Z'
  );
